collarid,hole_id,distance,dip,azimuth
1,ARC-043,0,-90,0
1,ARC-043,100,-90,0
2,ARC-046,0,-90,0
3,BHD-001,0,-55,90
3,BHD-001,102,-56,94
4,BHD-002,0,-60,75
4,BHD-002,119,-59,72
5,BHD-003,0,-55,180
5,BHD-003,100,-56,179
6,BHP-007,0,-65,60
6,BHP-007,174,-65,60
7,BHP-008,0,-65,90
8,BHP-008-A,0,-65,90
9,BHP-009,0,-90,0
10,BLDD001,0,-90,0
11,BLDD002,0,-90,0
12,BLDD003GT,0,-90,0
13,BLDD004,0,-90,0
14,BLDD005,0,-90,0
15,BLDD006,0,-90,0
15,BLDD006,25,-88,265
15,BLDD006,75,-89,170
16,BLDD007,0,-90,0
17,BLDD008,0,-90,0
18,BLDD009,0,-90,0
19,BLDD010,0,-90,0
20,DHGT_01,0,-90,0
20,DHGT_01,15,-89.7,115.5
20,DHGT_01,30,-89.7,294.5
20,DHGT_01,60,-89.4,185.3
20,DHGT_01,90,-89.8,296.3
20,DHGT_01,120,-89.4,261.7
20,DHGT_01,150,-89.6,11.8
21,DHGT_02,0,-90,0
21,DHGT_02,15,-89.7,349
21,DHGT_02,30,-89.5,355.8
21,DHGT_02,60,-89.5,3.7
21,DHGT_02,90,-89.8,333.9
22,DHGT_03,0,-90,0
22,DHGT_03,15,-89.8,104.7
22,DHGT_03,30,-89.5,38.4
22,DHGT_03,60,-89.6,59.5
22,DHGT_03,80,-89.1,111.8
22,DHGT_03,86,-89.9,112.4
23,DHGT_05,0,-90,0
23,DHGT_05,15,-89.8,67.2
23,DHGT_05,30,-89.7,268.1
23,DHGT_05,60,-89.7,152.8
23,DHGT_05,80,-89.6,319.8
24,DHGT_06,0,-90,0
24,DHGT_06,15,-89.4,194
24,DHGT_06,30,-89.6,209.1
24,DHGT_06,60,-89.5,209.4
24,DHGT_06,90,-89.8,251
24,DHGT_06,120,-89.8,95.5
25,HFD-020,0,-90,360
26,HFD-021,0,-90,360
27,HFD-022,0,-90,360
28,HFD-023,0,-90,360
29,HFD-024,0,-90,360
30,HFD-032,0,-90,360
31,HFD-033,0,-60,345
32,HFD-038,0,-65,40
33,HFD-039,0,-90,360
34,HFD-040,0,-90,360
35,HFD-041,0,-50,360
36,HFD-045,0,-55,160
37,HFD-046,0,-50,160
38,HFD-047,0,-90,360
39,HFD-048,0,-55,180
40,HFD-053,0,-55,180
41,HFD-054,0,-55,340
42,HFD-055,0,-55,70
43,HFD-056,0,-90,360
44,HFD-060,0,-90,360
45,HFD-068,0,-90,360
45,HFD-068,167,-89,330
46,HFD-154,0,-89,360
46,HFD-154,87.4,-88.5,180
46,HFD-154,129.2,-88,200
46,HFD-154,171.4,-88,153
47,HFD-228,0,-90,0
48,HFD-229,0,-90,0
49,HFP-251,0,-70,0
49,HFP-251,30,-68,355
49,HFP-251,70,-68,357
49,HFP-251,120,-69,357
49,HFP-251,180,-69.5,358
49,HFP-251,240,-70,358
49,HFP-251,300,-70,358
50,HFP-276,0,-90,0
51,HFP-277,0,-90,0
52,HFP-278,0,-70,270
52,HFP-278,88,-70.5,270
53,HFP-279,0,-90,0
54,HFP-280,0,-90,0
55,HFP-281,0,-70,270
55,HFP-281,61,-72,270
56,HFP-287,0,-90,0
57,HFR-178,0,-90,0
58,HFR-179,0,-90,0
59,HFR-180,0,-90,0
60,LHD-001,0,-90,0
61,LHD-002,0,-90,0
62,LHD-003,0,-90,0
63,LHD-004,0,-90,0
64,LHD-005,0,-90,0
65,LHD-006,0,-90,0
66,LHD-007,0,-90,0
67,LHD-008,0,-90,0
68,LHD-009,0,-90,0
69,LHD-010,0,-90,0
70,LHD-011,0,-90,0
71,LHD-012,0,-55,360
71,LHD-012,96,-55,0.5
72,LHD-013,0,-55,360
72,LHD-013,100.5,-56.5,359.5
73,LHD-014,0,-55,360
73,LHD-014,100,-55,360
74,LHD-015,0,-90,0
75,LHD-016,0,-90,0
76,LHD-017,0,-90,0
77,LHD-018,0,-90,0
78,LHD-019,0,-90,0
79,LHD-020,0,-90,0
80,LHD-021,0,-90,0
81,LHD-022,0,-90,0
82,LHD-023,0,-90,0
83,LHD-024,0,-75,180
84,LHD-025,0,-80,90
85,LHD-026,0,-80,180
85,LHD-026,87.4,-80,180
86,LHD-026-E,0,-80,180
87,LHD-027,0,-60,225
87,LHD-027,70.5,-60,225
88,LHD-027-E,0,-60,225
89,LHD-029,0,-60,360
90,LHD-030,0,-52.5,360
91,LHD-031,0,-60,360
92,LHD-032,0,-57,180
93,LHD-033,0,-52,180
93,LHD-033,29.1,-52.5,178
94,LHD-034,0,-70,360
94,LHD-034,80,-69,350
94,LHD-034,185,-71,353
95,LHD-035,0,-70,360
96,LHD-036,0,-60,270
97,LHD-037,0,-50,360
97,LHD-037,56.2,-47,358
98,LNDD001,0,-90,0
99,LNDD002GT,0,-90,0
100,LNDD003,0,-90,0
100,LNDD003,50,-90,259
100,LNDD003,250,-86,95
101,LNDD004,0,-90,0
102,LNDD005,0,-90,0
103,LNDD006,0,-90,0
104,LNDD007,0,-90,0
105,LNDD008,0,-90,0
106,LNDD009,0,-90,0
107,LNDD009R,0,-90,0
108,LNDD010,0,-90,0
109,LSD-001,0,-90,0
110,LSD-002,0,-90,0
111,LSP-232,0,-90,0
112,LSP-232-D,0,-90,0
113,LSP-233,0,-90,0
114,LSP-234,0,-75,200
115,LSP-234-D,0,-75,200
116,NMD-002,0,-90,0
116,NMD-002,173.5,-90,0
117,NMD-003,0,-90,0
118,NRC-049,0,-90,0
119,NRC-050,0,-90,0
120,NRC-051,0,-90,0
121,NRC-052,0,-90,0
122,NRC-053,0,-90,0
123,NRC-053-D,0,-90,0
124,NRC-054,0,-90,0
125,NRC-055,0,-90,0
126,NRC-228,0,-90,0
126,NRC-228,108,-90,0
127,NRC-229,0,-75,180
128,NRC-230,0,-70,180
129,NRC-231,0,-60,70
130,NRC-231-A,0,-60,70
130,NRC-231-A,201,-62.5,72
131,NRC-232,0,-70,70
132,NRC-233,0,-90,0
133,OFD-021,0,-55,90
133,OFD-021,20,-54,87
133,OFD-021,104.8,-58,85
134,OFD-022,0,-55,180
134,OFD-022,50,-54,185
134,OFD-022,75.1,-54,183
134,OFD-022,144.25,-55,182
134,OFD-022,183.85,-55,183
135,ORC-234,0,-90,0
136,ORP-231,0,-90,0
136,ORP-231,72,-90,0
137,SPE_001,0,-90,0
137,SPE_001,15,-90,0
137,SPE_001,30,-90,0
137,SPE_001,60,-90,0
138,SPE_002,0,-90,0
138,SPE_002,15,-90,0
138,SPE_002,30,-90,0
139,SPE_003,0,-90,0
139,SPE_003,15,-90,0
139,SPE_003,30,-90,0
140,THN_002,0,-90,0
140,THN_002,15,-90,235.2
140,THN_002,30,-89.5,139.4
140,THN_002,50,-89.7,153.1
141,THN_003,0,-90,0
141,THN_003,15,-90,299.6
141,THN_003,30,-89.8,78.8
141,THN_003,60,-89.3,357.2
141,THN_003,80,-90,358.5
142,THN_004,0,-90,0
142,THN_004,15,-89.4,349.5
142,THN_004,30,-89.8,346.3
142,THN_004,60,-89.4,352.2
142,THN_004,90,-89.1,52.3
143,THN_005,0,-90,0
143,THN_005,15,-90,144.9
143,THN_005,30,-90,302.1
143,THN_005,60,-89.6,179.4
143,THN_005,90,-89.8,209.8
144,THN_007,0,-90,0
144,THN_007,15,-89.4,120.8
144,THN_007,30,-90,23.9
144,THN_007,60,-89.4,37.5
144,THN_007,90,-89.4,99.6
144,THN_007,120,-90,293.8
144,THN_007,150,-89.4,23.4
144,THN_007,180,-89.7,50.4
144,THN_007,200,-89.4,351.5
145,THN_009,0,-90,0
145,THN_009,15,-89.4,51.8
145,THN_009,30,-89.7,266.7
145,THN_009,60,-89.4,9.2
145,THN_009,80,-89.4,326.3
146,THN_010,0,-90,0
146,THN_010,15,-89.7,172.4
146,THN_010,30,-89.8,165.2
146,THN_010,60,-89.8,8.9
146,THN_010,90,-90,69.2
147,THN_011,0,-90,0
147,THN_011,15,-89.6,135.9
147,THN_011,30,-89.7,311.2
147,THN_011,60,-89.7,7.1
147,THN_011,80,-89.8,176.5
148,THN_016,0,-90,0
148,THN_016,15,-90,317.7
148,THN_016,30,-90,268.6
149,THN_017,0,-90,0
149,THN_017,15,-89.6,358.8
149,THN_017,30,-90,75.1
149,THN_017,50,-89.5,71.6
150,THN_018,0,-90,0
150,THN_018,15,-89.7,212.9
150,THN_018,30,-89.7,344.5
150,THN_018,50,-89.7,344.6
151,THN_019,0,-90,0
151,THN_019,15,-89.8,130.4
151,THN_019,30,-90,22.1
151,THN_019,50,-90,56.5
152,THN_020,0,-90,0
152,THN_020,15,-89.5,91.5
152,THN_020,30,-89.7,171
152,THN_020,60,-89.5,269.9
152,THN_020,80,-89.4,290
153,THN_021,0,-90,0
153,THN_021,15,-89.8,291.4
153,THN_021,30,-89.8,97.4
153,THN_021,60,-89.6,45
153,THN_021,90,-89.8,236.5
153,THN_021,120,-90,25.4
154,THN_022,0,-90,0
154,THN_022,15,-89.6,255.2
154,THN_022,30,-90,96
154,THN_022,60,-89.5,225.4
154,THN_022,90,-89.4,256.6
154,THN_022,120,-89.5,171
154,THN_022,150,-89.5,281.6
155,THN_023,0,-90,0
155,THN_023,15,-89.8,187.6
155,THN_023,30,-90,192.2
155,THN_023,60,-90,202.2
155,THN_023,90,-90,112.8
155,THN_023,120,-89.5,38.8
155,THN_023,150,-89.7,187.2
155,THN_023,180,-90,73.1
155,THN_023,200,-90,254.3
156,THN_024,0,-90,0
156,THN_024,15,-89.7,310.9
156,THN_024,30,-90,209.1
156,THN_024,60,-89.8,127.8
156,THN_024,90,-89.4,127.9
156,THN_024,120,-89.4,343.5
156,THN_024,150,-89.5,27
156,THN_024,180,-90,229.2
156,THN_024,200,-90,229.2
157,THN_025,0,-90,0
157,THN_025,15,-89.8,332.7
157,THN_025,30,-89.8,56.8
157,THN_025,60,-90,163.6
157,THN_025,90,-89.5,148.2
157,THN_025,120,-89.4,140.6
157,THN_025,150,-90,98.3
157,THN_025,180,-90,60.3
157,THN_025,200,-89.4,227.1
158,THN_026,0,-90,0
158,THN_026,15,-89.7,141.3
158,THN_026,30,-89.3,104.6
158,THN_026,60,-89.8,50.7
158,THN_026,90,-90,197
158,THN_026,120,-89.8,246.5
158,THN_026,150,-89.6,286
158,THN_026,180,-89.6,257.9
158,THN_026,200,-89.1,0.2
159,THN_028,0,-90,0
159,THN_028,15,-89.7,158.4
159,THN_028,30,-89.6,219.9
159,THN_028,60,-90,197.9
159,THN_028,90,-89.6,68.6
159,THN_028,120,-89.6,233.7
159,THN_028,150,-89.4,284.1
159,THN_028,180,-89.6,237.8
159,THN_028,200,-89.4,290.9
160,WMC-001,0,-60,180
161,WMD-001,0,-90,0
162,WMD-002,0,-55,20
163,WMD-003,0,-55,90
164,WMD-004,0,-55,35
165,WMD-006,0,-80,180
166,WMD-011,0,-55,360
166,WMD-011,91.5,-57,357
167,WMD-012,0,-55,360
168,WMD-013,0,-90,0
169,WMD-014,0,-55,180
170,WMP-005,0,-75,0
171,WMP-006,0,-55,20
172,WMP-007,0,-55,40
173,WMP-015,0,-55,0
174,WMP-016,0,-55,180
175,WMP-017,0,-90,0
176,WMP-018,0,-55,0
177,WMP-019,0,-90,0
178,WMP-020,0,-65,330
178,WMP-020,65,-65,330
179,WMP-030,0,-60,0
180,WMP-033,0,-60,0
181,WRC-033,0,-90,0
182,WRC-035,0,-90,0
183,WRC-037,0,-90,0
184,WRC-039,0,-90,0
185,WRC-040,0,-90,0
186,WRC-040-D,0,-90,0
187,YNDD001,0,-90,0
188,YNDD002,0,-90,0
189,YNDD003,0,-80,220
189,YNDD003,15,-80,218
189,YNDD003,25,-80,216
189,YNDD003,50,-80,216
189,YNDD003,75,-80,216
189,YNDD003,100,-79,215
189,YNDD003,125,-79,216
189,YNDD003,150,-79,216
189,YNDD003,175,-79,215
189,YNDD003,200,-78,216
189,YNDD003,225,-78,215
189,YNDD003,260,-78,217
189,YNDD003,281,-78,217
190,YNDD004,0,-90,0
191,YNDD005,0,-90,0
192,YNDD006,0,-90,0
192,YNDD006,100,-89,0
192,YNDD006,300,-89,0
192,YNDD006,450,-89,0
193,YNDD006R,0,-90,0
194,YNDD007,0,-90,0
195,YNDD007R,0,-90,0
196,YNDD008,0,-70,205
196,YNDD008,15,-68,206
196,YNDD008,25,-69,202
196,YNDD008,50,-69,202
196,YNDD008,75,-68,210
196,YNDD008,100,-69,201
196,YNDD008,125,-69,202
196,YNDD008,343,-69,202
197,YNDD009,0,-90,0
198,YNDD010,0,-90,0
198,YNDD010,221,-88,326
198,YNDD010,276,-88,326
199,YNDD011,0,-90,0
200,YNDD012,0,-90,0
201,YNDD013,0,-90,0
202,YNDD014GT,0,-90,0
203,YNDD014GTR,0,-90,0
204,YNDD015,0,-90,0
205,YNDD016,0,-90,0
206,YRC-108,0,-90,0
207,YRC-109,0,-90,0
208,YRC-110,0,-90,0
209,YRC-111,0,-90,0
210,YRC-112,0,-90,0
211,YRC-113,0,-90,0
212,YRC-114,0,-90,0
213,YRC-115,0,-90,0
214,YRC-116,0,-90,0
215,YRC-117,0,-90,0
216,YRC-118,0,-90,0
217,YRC-119,0,-90,0
218,YRC-120,0,-90,0
219,YRC-121,0,-90,0
220,YRC-122,0,-90,0
221,YRC-123,0,-90,0
222,YRC-124,0,-90,0
223,YRC-125,0,-90,0
224,YRC-126,0,-90,0
225,YRC-127,0,-90,0
226,YRC-128,0,-90,0
227,YRC-129,0,-90,0
228,YRC-130,0,-90,0
229,YRC-131,0,-90,0
230,YRC-132,0,-90,0
231,YRC-133,0,-90,0
232,YRC-134,0,-90,0
233,YRC-135,0,-90,0
234,YRC-136,0,-90,0
235,YRC-137,0,-90,0
236,YRC-138,0,-90,0
237,YRC-139,0,-90,0
238,YRC-140,0,-90,0
239,YRC-141,0,-90,0
240,YRC-160,0,-70,360
241,YRC-161,0,-90,0
242,YRC-162,0,-90,0
243,YRC-163,0,-90,0
244,YRC-164,0,-90,0
245,YRC-164-A,0,-55,180
246,YRC-165,0,-90,0
247,YRC-166,0,-90,0
248,YRC-167,0,-90,0
249,YRC-168,0,-90,0
250,YRC-169,0,-90,0
251,YRC-170,0,-90,0
252,YRC-171,0,-90,0
253,YRC-172,0,-90,0
254,YRC-173,0,-90,0
255,YRC-173-A,0,-60,360
256,YRC-174,0,-90,0
257,YRC-175,0,-60,360
258,YRC-176,0,-60,360
259,YRC-177,0,-60,360
260,YRC-178,0,-90,0
261,YRC-179,0,-60,360
262,YRC-180,0,-90,0
263,YRC-181,0,-90,0
264,YRC-182,0,-90,0
265,YRC-183,0,-90,0
266,YRC-184,0,-90,0
267,YRC-185,0,-90,0
268,YRC-186,0,-90,0
269,YRC-187,0,-90,0
270,YRC-188,0,-60,180
271,YRC-189,0,-60,180
272,YRC-190,0,-90,0
273,YRC-191,0,-90,0
274,YRC-192,0,-90,0
275,YRC-193,0,-90,0
276,YRC-194,0,-90,0
277,YRC-195,0,-90,0
278,YRC-196,0,-90,0
279,YRC-197,0,-90,0
280,YRC-198,0,-90,0
281,YRC-199,0,-90,0
282,YRC-200,0,-90,0
283,YRC-201,0,-90,0
284,YRC-202,0,-90,0
285,YRC-203,0,-90,0
286,YRC-204,0,-55,180
287,YRC-205,0,-90,0
288,YRC-206,0,-90,0
289,YRC-207,0,-90,0
290,YRC-208,0,-50,180
291,YRC-209,0,-90,0
292,YRC-210,0,-80,90
293,YRC-211,0,-90,0
294,YRC-212,0,-90,0
295,YRC-213,0,-75,235
296,YRC-214,0,-90,0
297,YRC-215,0,-70,45
298,YRC-216,0,-90,0
299,YRC-217,0,-60,225
300,YRC-218,0,-70,50
301,YRC-219,0,-70,360
302,YRC-220,0,-80,180
303,YRC-221,0,-80,90
304,YRC-222,0,-60,230
305,YRC-223,0,-90,0
306,YRC-224,0,-90,0
307,YRC-225,0,-90,0
308,YRC-226,0,-80,270
309,YRC-227,0,-60,360
310,YRC-228,0,-70,50
311,YRC-229,0,-70,360
312,YRC-230,0,-75,360
313,YRC-231,0,-60,360
314,YRC-232,0,-90,0
315,YRC-233,0,-70,90
316,YRC-234,0,-75,270
317,YRC-235,0,-70,180
318,YRC-236,0,-90,0
319,YRC-237,0,-70,180
320,YRC-238,0,-90,0
321,YRC-239,0,-90,0
322,YRC-240,0,-90,0
323,YRC-241,0,-70,180
324,YRC-242,0,-70,180
325,YRC-243,0,-70,180
326,YRC-244,0,-70,180
327,YRC-246,0,-60,0
328,YRC-247,0,-90,0
329,YRC-248,0,-90,0
330,YRC-249,0,-90,0
331,YRC-250,0,-50,0
332,YRC-251,0,-90,0
333,YRC-252,0,-90,0
334,YRC-253,0,-90,0
335,YRC-254,0,-90,0
336,YRC-255,0,-90,0
337,YRC-256,0,-90,0
338,YRC-257,0,-90,0
339,YRC-258,0,-70,0
340,YRC-259,0,-50,0
341,YRC-260,0,-50,0
342,YRC-261,0,-90,0
343,YRC-262,0,-65,0
344,YRC-263,0,-50,0
345,YRC-264,0,-50,0
346,YRC-265,0,-60,0
347,YRC-266,0,-50,0
348,YRC-267,0,-90,0
349,YRC-268,0,-60,0
350,YRC-269,0,-60,0
351,YRC-270,0,-80,0
352,YRC-271,0,-60,0
353,YRC-272,0,-90,0
354,YRC-273,0,-90,0
355,YRC-274,0,-90,0
356,YRC-275,0,-60,0
357,YRC-275-A,0,-90,0
358,YRC-276,0,-90,0
358,YRC-276,50,-88,65
358,YRC-276,209,-87.5,100
359,YRC-277,0,-90,0
360,YRC-278,0,-90,0
361,YRC-279,0,-90,0
362,YRC-280,0,-90,0
363,YRC-281,0,-90,0
364,YRC-282,0,-90,0
365,YRC-283,0,-90,0
366,YRC-284,0,-90,0
367,YRC-285,0,-90,0
368,YRC-286,0,-90,0
369,YRC-287,0,-90,0
370,ZKC_001,0,-90,0
370,ZKC_001,90.95,-90,0
371,ZKC_002,0,-90,0
371,ZKC_002,74.35,-90,0
372,ZKC_002RD,0,-90,0
372,ZKC_002RD,143.1,-90,0
373,ZKC_003,0,-90,0
373,ZKC_003,63.45,-90,0
374,ZKC_004,0,-90,0
374,ZKC_004,59.4,-90,0
375,ZKC_005,0,-90,0
375,ZKC_005,60.4,-90,0
376,ZKC_0A01,0,-90,0
376,ZKC_0A01,78.6,-90,0
377,ZKC_0A02,0,-90,0
377,ZKC_0A02,34.4,-90,0
378,ZKC_0A03,0,-90,0
378,ZKC_0A03,53.9,-90,0
379,ZKC_0A04,0,-90,0
379,ZKC_0A04,75,-90,0
380,ZKC_101,0,-90,0
380,ZKC_101,65,-90,0
381,ZKC_101RD,0,-90,0
381,ZKC_101RD,56.1,-90,0
382,ZKC_102,0,-90,0
382,ZKC_102,72.6,-90,0
383,ZKC_103,0,-90,0
383,ZKC_103,64.9,-90,0
384,ZKC_104,0,-90,0
384,ZKC_104,47.1,-90,0
385,ZKC_105,0,-90,0
385,ZKC_105,41.1,-90,0
386,ZKC_1A01,0,-90,0
386,ZKC_1A01,46,-90,0
387,ZKC_1A02,0,-90,0
387,ZKC_1A02,29.1,-90,0
388,ZKC_1A03,0,-90,0
388,ZKC_1A03,64.8,-90,0
389,ZKC_1A04,0,-90,0
389,ZKC_1A04,32.6,-90,0
390,ZKC_201,0,-90,0
390,ZKC_201,60.5,-90,0
391,ZKC_202,0,-90,0
391,ZKC_202,119,-90,0
392,ZKC_203,0,-90,0
392,ZKC_203,95.1,-90,0
393,ZKC_204,0,-90,0
393,ZKC_204,69.2,-90,0
394,ZKC_205,0,-90,0
394,ZKC_205,107.9,-90,0
395,ZKC_206,0,-90,0
395,ZKC_206,50,-90,0
396,ZKC_207,0,-90,0
396,ZKC_207,40,-90,0
397,ZKC_208,0,-87.2,0
397,ZKC_208,58.9,-87,335
398,ZKC_209,0,-90,0
398,ZKC_209,42.4,-90,0
399,ZKC_210,0,-90,0
399,ZKC_210,50,-90,0
400,ZKC_211,0,-90,0
400,ZKC_211,41.1,-90,0
401,ZKC_2A01,0,-90,0
401,ZKC_2A01,75,-90,0
402,ZKC_2A02,0,-90,0
402,ZKC_2A02,87.6,-90,0
403,ZKC_2A03,0,-90,0
403,ZKC_2A03,114,-90,0
404,ZKC_2A04,0,-90,0
404,ZKC_2A04,87.4,-90,0
405,ZKC_2A05,0,-90,0
405,ZKC_2A05,64.9,-90,0
406,ZKC_2A06,0,-90,0
406,ZKC_2A06,50.6,-90,0
407,ZKC_2A07,0,-90,0
407,ZKC_2A07,52.9,-90,0
408,ZKC_2A08,0,-90,0
408,ZKC_2A08,50.3,-90,0
409,ZKC_301,0,-90,0
409,ZKC_301,90.9,-90,0
410,ZKC_302,0,-90,0
410,ZKC_302,70.3,-90,0
411,ZKC_303,0,-90,0
411,ZKC_303,42.4,-90,0
412,ZKC_304,0,-90,0
412,ZKC_304,27.5,-90,0
413,ZKC_3A02,0,-90,0
413,ZKC_3A02,50,-90,0
414,ZKC_401,0,-90,0
414,ZKC_401,90.4,-90,0
415,ZKC_402,0,-90,0
415,ZKC_402,99.25,-90,0
416,ZKC_403,0,-90,0
416,ZKC_403,92.2,-90,0
417,ZKC_404,0,-90,0
417,ZKC_404,116,-90,0
418,ZKC_405,0,-87.3,0
418,ZKC_405,57.1,-87.2,245
419,ZKC_406,0,-87.4,0
419,ZKC_406,71,-87.4,245
420,ZKC_410,0,-90,0
420,ZKC_410,57.4,-90,0
421,ZKC_4A01,0,-90,0
421,ZKC_4A01,92,-90,0
422,ZKC_4A02,0,-90,0
422,ZKC_4A02,77.9,-90,0
423,ZKC_4A03,0,-90,0
423,ZKC_4A03,78.4,-90,0
424,ZKC_4A04,0,-90,0
424,ZKC_4A04,79,-90,0
425,ZKC_4A05,0,-90,0
425,ZKC_4A05,96,-90,0
426,ZKC_4A06,0,-90,0
426,ZKC_4A06,14.5,-90,0
427,ZKC_4A06RD,0,-90,0
427,ZKC_4A06RD,121.6,-90,0
428,ZKC_4A07,0,-90,0
428,ZKC_4A07,66.4,-90,0
429,ZKC_4A08,0,-87.4,0
429,ZKC_4A08,36.4,-87.4,335
430,ZKC_4A09,0,-90,0
430,ZKC_4A09,71,-90,0
431,ZKC_4A11,0,-90,0
431,ZKC_4A11,42.5,-90,0
432,ZKC_502,0,-90,0
432,ZKC_502,30,-90,0
433,ZKC_6A01,0,-90,0
433,ZKC_6A01,82.95,-90,0
434,ZKC_6A02,0,-90,0
434,ZKC_6A02,88.9,-90,0
435,ZKL_10A01,0,-90,0
435,ZKL_10A01,15,-89.7,24.4
435,ZKL_10A01,30,-89.3,88.7
435,ZKL_10A01,60,-89.6,293.5
435,ZKL_10A01,90,-90,100.3
435,ZKL_10A01,120,-89.6,347.5
435,ZKL_10A01,150,-90,42.3
435,ZKL_10A01,180,-89.6,62.7
435,ZKL_10A01,205,-89.6,293
436,ZKL_701,0,-90,0
436,ZKL_701,15,-89.6,308.4
436,ZKL_701,30,-89.5,337.9
436,ZKL_701,60,-89.5,343.2
436,ZKL_701,90,-89.7,16.2
436,ZKL_701,120,-89.4,329.3
436,ZKL_701,150,-89.3,16
436,ZKL_701,180,-89.4,352.1
436,ZKL_701,210,-89.4,356.7
436,ZKL_701,240,-90,0
437,ZKY_001,0,-90,0
437,ZKY_001,125.1,-90,0
438,ZKY_002,0,-90,0
438,ZKY_002,181.8,-90,0
439,ZKY_003,0,-90,0
439,ZKY_003,189.5,-90,0
440,ZKY_004,0,-90,0
440,ZKY_004,277,-90,0
441,ZKY_005,0,-90,0
441,ZKY_005,276.7,-90,0
442,ZKY_006,0,-90,0
442,ZKY_006,270.3,-90,0
443,ZKY_007,0,-90,0
443,ZKY_007,256.8,-90,0
444,ZKY_008,0,-90,0
444,ZKY_008,500,-90,0
445,ZKY_009,0,-90,0
445,ZKY_009,136.2,-90,0
446,ZKY_009RD,0,-90,0
446,ZKY_009RD,134.3,-90,0
447,ZKY_009RD2,0,-90,0
447,ZKY_009RD2,15,-89.4,57.9
447,ZKY_009RD2,30,-89.4,115.9
447,ZKY_009RD2,60,-89.7,97.8
447,ZKY_009RD2,90,-89.5,12.8
447,ZKY_009RD2,120,-90,328.3
447,ZKY_009RD2,150,-89.3,68.2
447,ZKY_009RD2,180,-89.7,145.1
447,ZKY_009RD2,210,-89.7,129.2
447,ZKY_009RD2,244.3,-89.3,68.2
448,ZKY_010,0,-90,0
448,ZKY_010,15,-89.4,73
448,ZKY_010,30,-89.2,64.1
448,ZKY_010,60,-90,275.2
448,ZKY_010,90,-89.2,44.3
448,ZKY_010,120,-89.4,92.6
448,ZKY_010,150,-89.2,66.8
448,ZKY_010,180,-89.7,43
448,ZKY_010,210,-89,93.3
448,ZKY_010,227.3,-89,56
449,ZKY_011,0,-90,0
449,ZKY_011,15,-89.7,89.4
449,ZKY_011,30,-89.5,32.4
449,ZKY_011,60,-88.4,105
449,ZKY_011,90,-88.4,259.1
449,ZKY_011,120,-89.2,65.8
449,ZKY_011,150,-88.4,216.8
449,ZKY_011,180,-89.7,37.8
450,ZKY_0A01,0,-90,0
450,ZKY_0A01,193,-90,0
451,ZKY_0A02,0,-90,0
451,ZKY_0A02,15,-89.4,221.3
451,ZKY_0A02,30,-89.4,283.5
451,ZKY_0A02,60,-89.5,73.6
451,ZKY_0A02,90,-89.7,268.4
451,ZKY_0A02,120,-89.5,206.6
451,ZKY_0A02,150,-89.6,101.7
451,ZKY_0A02,171.5,-90,78
452,ZKY_0A03,0,-90,0
452,ZKY_0A03,15,-89.4,172.5
452,ZKY_0A03,30,-89.3,118.4
452,ZKY_0A03,60,-89.5,110.6
452,ZKY_0A03,90,-89.3,83.5
452,ZKY_0A03,120,-89.4,204.4
452,ZKY_0A03,150,-89.7,181.4
452,ZKY_0A03,170,-89.5,9.9
453,ZKY_0A04,0,-90,0
453,ZKY_0A04,15,-89.4,175.1
453,ZKY_0A04,30,-90,174.1
453,ZKY_0A04,60,-89.4,226.6
453,ZKY_0A04,90,-89.2,185
453,ZKY_0A04,120,-89.4,170.6
453,ZKY_0A04,150,-89.3,132.6
454,ZKY_0A05,0,-90,0
454,ZKY_0A05,15,-89.8,164.7
454,ZKY_0A05,30,-89.6,281.1
454,ZKY_0A05,60,-89.3,128.3
454,ZKY_0A05,90,-89.8,69.8
454,ZKY_0A05,120,-89.3,152
454,ZKY_0A05,150,-89.6,103
454,ZKY_0A05,180,-89.3,201.7
455,ZKY_0A06,0,-90,0
456,ZKY_0A06RD,0,-90,0
456,ZKY_0A06RD,15,-89.6,203.5
456,ZKY_0A06RD,30,-89.2,121.2
456,ZKY_0A06RD,60,-89,99.3
456,ZKY_0A06RD,90,-89.1,184.6
456,ZKY_0A06RD,120,-89,125.1
456,ZKY_0A06RD,150,-88.9,123.4
456,ZKY_0A06RD,180,-88.9,141.3
456,ZKY_0A06RD,210,-88.9,142.1
456,ZKY_0A06RD,240,-88.9,121.5
456,ZKY_0A06RD,265,-89,178.8
457,ZKY_0A07,0,-90,0
457,ZKY_0A07,15,-89.2,35.8
457,ZKY_0A07,30,-85.5,168.2
458,ZKY_1001,0,-90,0
458,ZKY_1001,35.4,-90,0
459,ZKY_1002,0,-90,0
459,ZKY_1002,153.4,-90,0
460,ZKY_101,0,-90,0
460,ZKY_101,230,-90,0
461,ZKY_102,0,-90,0
461,ZKY_102,237.4,-90,0
462,ZKY_103,0,-90,0
462,ZKY_103,30,-88.9,310
462,ZKY_103,90,-89.2,320.6
462,ZKY_103,120,-89.4,317.8
462,ZKY_103,150,-89.1,334.8
462,ZKY_103,180,-89.1,336.2
462,ZKY_103,210,-89,62.4
462,ZKY_103,240,-89.4,352.7
462,ZKY_103,270,-89.1,4.1
462,ZKY_103,300,-89.6,340.9
463,ZKY_104,0,-90,0
463,ZKY_104,15,-90,22.4
463,ZKY_104,30,-90,249.9
463,ZKY_104,60,-89.4,354.8
463,ZKY_104,90,-89.4,15.4
463,ZKY_104,120,-89.7,310.4
463,ZKY_104,150,-89.6,349.1
463,ZKY_104,180,-89.5,313.1
463,ZKY_104,210,-89.6,354.5
463,ZKY_104,240,-89.4,342.2
463,ZKY_104,270,-89.6,254.8
463,ZKY_104,292.2,-89.6,254.8
464,ZKY_105,0,-90,0
464,ZKY_105,15,-89.2,21.7
464,ZKY_105,30,-89,30.6
464,ZKY_105,60,-89,63.2
464,ZKY_105,90,-89.2,70.8
464,ZKY_105,120,-89.1,78.6
464,ZKY_105,150,-89.2,64.4
464,ZKY_105,180,-89.1,52
464,ZKY_105,210,-89,55.5
464,ZKY_105,240,-88.9,81.2
464,ZKY_105,270,-90,280.1
464,ZKY_105,300,-89.5,94.8
465,ZKY_106,0,-90,0
465,ZKY_106,15,-89.8,160.7
465,ZKY_106,30,-89.7,51.1
465,ZKY_106,60,-87.6,36.5
466,ZKY_107,0,-90,0
466,ZKY_107,30,-89.1,276.1
466,ZKY_107,60,-89.4,139.2
466,ZKY_107,90,-89.3,301.6
466,ZKY_107,120,-88.9,210.4
467,ZKY_108,0,-90,0
467,ZKY_108,15,-89.4,298.4
467,ZKY_108,30,-89.8,196
467,ZKY_108,60,-89.4,52.6
467,ZKY_108,90,-89.1,38.5
467,ZKY_108,120,-89.2,8
468,ZKY_108RD,0,-90,0
468,ZKY_108RD,15,-89.4,2.4
468,ZKY_108RD,30,-89.4,45.6
469,ZKY_10A01,0,-90,0
469,ZKY_10A01,27.4,-90,0
470,ZKY_10A01RD,0,-90,0
470,ZKY_10A01RD,155.8,-90,0
471,ZKY_10A02,0,-90,0
471,ZKY_10A02,185,-90,0
472,ZKY_10A03,0,-90,0
472,ZKY_10A03,176.4,-90,0
473,ZKY_10A04,0,-90,0
473,ZKY_10A04,62,-90,0
474,ZKY_10A05,0,-90,0
474,ZKY_10A05,237.2,-90,0
475,ZKY_10A06,0,-90,0
475,ZKY_10A06,45,-90,0
476,ZKY_1101,0,-90,0
476,ZKY_1101,111.6,-90,0
477,ZKY_1102,0,-90,0
477,ZKY_1102,260,-90,0
478,ZKY_1103,0,-90,0
478,ZKY_1103,15,-90,149.1
478,ZKY_1103,30,-89.8,228.7
478,ZKY_1103,60,-90,220.4
478,ZKY_1103,90,-89.6,202.6
478,ZKY_1103,120,-89.5,216.8
478,ZKY_1103,150,-89.5,193
478,ZKY_1103,161.45,-89.5,193
479,ZKY_1104,0,-90,0
479,ZKY_1104,15,-89.4,241.5
479,ZKY_1104,30,-89.6,198.8
479,ZKY_1104,60,-89.8,195.4
479,ZKY_1104,90,-89.6,220.9
479,ZKY_1104,120,-89.6,221.5
479,ZKY_1104,150,-89.4,285.5
479,ZKY_1104,180,-89.2,269.9
479,ZKY_1104,210,-89.2,295.1
479,ZKY_1104,237.9,-89.4,304.7
480,ZKY_1105,0,-90,0
480,ZKY_1105,15,-89.8,131.2
480,ZKY_1105,30,-89.7,131
480,ZKY_1105,60,-89.7,36.5
480,ZKY_1105,90,-90,115.5
480,ZKY_1105,120,-89.7,349.7
480,ZKY_1105,150,-89.6,120.1
480,ZKY_1105,161.55,-89.6,120.1
481,ZKY_1106,0,-90,0
481,ZKY_1106,15,-89.2,140.3
481,ZKY_1106,30,-90,276.1
481,ZKY_1106,60,-89.1,247.9
481,ZKY_1106,90,-89.4,217.7
481,ZKY_1106,120,-89,216.6
481,ZKY_1106,150,-89,246.9
481,ZKY_1106,180,-89.4,252.9
481,ZKY_1106,210,-89,245.3
481,ZKY_1106,240,-89,236.7
481,ZKY_1106,270,-89,234
482,ZKY_1107,0,-90,0
482,ZKY_1107,15,-89.4,171.4
482,ZKY_1107,30,-89.4,350.6
482,ZKY_1107,60,-89.4,90.5
482,ZKY_1107,90,-89.8,184.8
482,ZKY_1107,120,-89.7,117.6
482,ZKY_1107,150,-89.5,48.9
482,ZKY_1107,180,-89.7,74.5
482,ZKY_1107,210,-89.6,238.3
482,ZKY_1107,226,-89.5,102.6
483,ZKY_1108,0,-90,0
483,ZKY_1108,15,-89.6,314.9
483,ZKY_1108,30,-90,256.4
483,ZKY_1108,60,-89.7,210.3
483,ZKY_1108,90,-89.3,222.1
483,ZKY_1108,120,-89.1,156.6
483,ZKY_1108,150,-89.4,218.2
483,ZKY_1108,180,-89.4,144.3
483,ZKY_1108,210,-89.3,153.3
483,ZKY_1108,240,-89.1,160.5
483,ZKY_1108,270,-89,183
483,ZKY_1108,300,-89,191.3
483,ZKY_1108,330,-88.9,192.5
483,ZKY_1108,360,-88.9,178.9
483,ZKY_1108,379,-88.9,179.9
484,ZKY_1109,0,-90,0
484,ZKY_1109,15,-89.8,180.5
484,ZKY_1109,30,-89.5,294.6
485,ZKY_1109RD,0,-90,0
485,ZKY_1109RD,15,-89.4,185.1
485,ZKY_1109RD,30,-89.3,187.7
486,ZKY_1109RD2,0,-90,0
486,ZKY_1109RD2,15,-89.4,136.2
486,ZKY_1109RD2,30,-89.3,154.2
486,ZKY_1109RD2,60,-90,59.3
486,ZKY_1109RD2,90,-89.2,61.2
486,ZKY_1109RD2,120,-89.5,46
486,ZKY_1109RD2,150,-89.2,32.9
486,ZKY_1109RD2,180,-89.7,339.9
486,ZKY_1109RD2,210,-89.8,312.5
486,ZKY_1109RD2,240,-89.3,338.1
486,ZKY_1109RD2,270,-89.6,343.3
486,ZKY_1109RD2,300,-89.5,325.5
486,ZKY_1109RD2,330,-89.5,319.8
487,ZKY_1110,0,-90,0
487,ZKY_1110,15,-89.7,183.4
487,ZKY_1110,30,-89.6,115.2
487,ZKY_1110,60,-89.6,120.6
487,ZKY_1110,90,-88.8,319.7
487,ZKY_1110,120,-89.8,330
487,ZKY_1110,150,-88.8,165.9
487,ZKY_1110,180,-90,0
487,ZKY_1110,210,-90,0
487,ZKY_1110,240,-90,0
487,ZKY_1110,270,-90,0
488,ZKY_11A01,0,-90,0
488,ZKY_11A01,104.1,-90,0
489,ZKY_11A02,0,-90,0
489,ZKY_11A02,15,-89.7,171.2
489,ZKY_11A02,30,-89.9,106.9
489,ZKY_11A02,60,-89.6,63.2
489,ZKY_11A02,90,-89.4,89.3
489,ZKY_11A02,120,-89.1,28.4
490,ZKY_11A03,0,-90,0
490,ZKY_11A03,15,-90,279.5
490,ZKY_11A03,30,-89.4,339.4
490,ZKY_11A03,60,-89.5,195.4
490,ZKY_11A03,90,-89.9,146.1
490,ZKY_11A03,120,-89.9,159.2
491,ZKY_11A04,0,-90,0
491,ZKY_11A04,15,-89.5,260.6
491,ZKY_11A04,30,-89.5,187.8
491,ZKY_11A04,60,-89.5,229.6
491,ZKY_11A04,90,-89.2,165.5
491,ZKY_11A04,120,-89.2,187.5
491,ZKY_11A04,150,-89.2,189.8
491,ZKY_11A04,180,-89.7,205.3
491,ZKY_11A04,210,-89.5,215.6
491,ZKY_11A04,240,-89.2,150.9
491,ZKY_11A04,270,-89.7,258.6
491,ZKY_11A04,300,-89.2,248.7
492,ZKY_1201,0,-90,0
492,ZKY_1201,35.4,-90,0
493,ZKY_1202,0,-90,0
493,ZKY_1202,15,-89.5,128.5
493,ZKY_1202,30,-89.9,138.1
493,ZKY_1202,60,-89.6,327
493,ZKY_1202,80,-89.7,135.7
494,ZKY_12A01,0,-90,0
494,ZKY_12A01,15,-89.7,94.8
494,ZKY_12A01,30,-89.9,258.8
494,ZKY_12A01,53,-89.5,1.4
495,ZKY_12A02,0,-90,0
495,ZKY_12A02,15,-89.7,327.7
495,ZKY_12A02,30,-89.7,276
495,ZKY_12A02,60,-89.5,319
496,ZKY_12A03,0,-90,0
496,ZKY_12A03,15,-89.4,304.6
496,ZKY_12A03,30,-89,169.2
496,ZKY_12A03,55.9,-89.3,182.3
497,ZKY_12A04,0,-90,0
497,ZKY_12A04,15,-89.7,309.2
497,ZKY_12A04,30,-89.6,250.6
497,ZKY_12A04,57,-89.2,129.5
498,ZKY_1301,0,-90,0
498,ZKY_1301,129.6,-90,0
499,ZKY_1301RD,0,-90,0
499,ZKY_1301RD,15,-89.5,230.3
499,ZKY_1301RD,30,-89.9,198.5
499,ZKY_1301RD,60,-89.2,257.2
499,ZKY_1301RD,90,-89.4,224.7
499,ZKY_1301RD,120,-89.4,231.4
499,ZKY_1301RD,150,-89.6,219.19
499,ZKY_1301RD,180,-89.4,261.8
500,ZKY_1302,0,-90,0
500,ZKY_1302,15,-89.6,213
500,ZKY_1302,30,-89.6,279.7
500,ZKY_1302,60,-89.7,161.5
500,ZKY_1302,90,-89.2,144.4
500,ZKY_1302,120,-89.1,176.8
501,ZKY_1303,0,-90,0
501,ZKY_1303,15,-90,317.4
501,ZKY_1303,30,-90,188.6
501,ZKY_1303,60,-89.9,181.6
501,ZKY_1303,90,-89.7,313.4
501,ZKY_1303,120,-89.5,125.1
501,ZKY_1303,150,-89.9,145.1
501,ZKY_1303,178,-90,241.7
502,ZKY_1304,0,-90,0
502,ZKY_1304,15,-89.9,108.1
502,ZKY_1304,30,-89.5,257.6
502,ZKY_1304,60,-89.4,170
503,ZKY_13A01,0,-90,0
503,ZKY_13A01,45.5,-90,0
504,ZKY_13A02,0,-55,0
504,ZKY_13A02,51.2,-55,155
505,ZKY_13A03,0,-90,0
505,ZKY_13A03,15,-89.2,69
505,ZKY_13A03,30,-89.2,58.6
505,ZKY_13A03,60,-89,2.7
505,ZKY_13A03,90,-89,43.2
506,ZKY_1401,0,-90,0
506,ZKY_1401,38.5,-90,0
507,ZKY_1402,0,-90,0
507,ZKY_1402,15,-89.4,77.6
507,ZKY_1402,30,-89.7,250.4
507,ZKY_1402,60,-89.5,242.9
508,ZKY_1403,0,-90,0
508,ZKY_1403,15,-90,300.9
508,ZKY_1403,30,-89.7,276.8
508,ZKY_1403,60,-89.3,235.2
508,ZKY_1403,90,-89.5,213.8
509,ZKY_1403RD,0,-90,0
509,ZKY_1403RD,15,-90,171.6
509,ZKY_1403RD,30,-89.9,214.8
509,ZKY_1403RD,60,-88.4,337.4
509,ZKY_1403RD,90,-89.5,267.1
509,ZKY_1403RD,120,-88.4,182.9
509,ZKY_1403RD,138.3,-90,0
510,ZKY_1404,0,-90,0
510,ZKY_1404,15,-90,93.3
510,ZKY_1404,30,-89.3,289.4
510,ZKY_1404,60,-89.3,232.8
510,ZKY_1404,90,-90,334.7
510,ZKY_1404,120,-89.9,194.8
510,ZKY_1404,150,-89.4,293.8
510,ZKY_1404,180,-89.5,231.3
510,ZKY_1404,210,-90,325.4
510,ZKY_1404,240,-89.9,213.4
511,ZKY_1405,0,-90,0
511,ZKY_1405,15,-89.8,77.3
511,ZKY_1405,30,-85.5,0.9
511,ZKY_1405,60,-85.5,282.6
511,ZKY_1405,90,-85.5,296.2
511,ZKY_1405,120,-85.5,144.8
511,ZKY_1405,150,-89.6,26.3
512,ZKY_1408,0,-90,0
512,ZKY_1408,15,-89.7,257.1
512,ZKY_1408,30,-89.9,96.1
512,ZKY_1408,60,-89.7,193.6
512,ZKY_1408,90,-90,256.4
512,ZKY_1408,120,-89.9,210.7
512,ZKY_1408,150,-90,256.5
513,ZKY_14A01,0,-90,0
513,ZKY_14A01,15,-89.5,40.2
513,ZKY_14A01,30,-89.3,34.5
513,ZKY_14A01,60,-90,252.1
514,ZKY_14A02,0,-90,0
514,ZKY_14A02,15,-89.5,328.6
514,ZKY_14A02,30,-89.5,300.5
514,ZKY_14A02,60,-89.2,326.4
515,ZKY_14A03,0,-90,0
515,ZKY_14A03,15,-90,195
515,ZKY_14A03,30,-89.7,346.8
515,ZKY_14A03,58,-89.9,76.6
516,ZKY_14A04,0,-90,0
516,ZKY_14A04,15,-90,26.6
516,ZKY_14A04,30,-89.9,276
517,ZKY_1501,0,-90,0
517,ZKY_1501,30,-89.9,251
517,ZKY_1501,60,-89.7,214.7
517,ZKY_1501,90,-89.6,272.2
518,ZKY_15A01,0,-90,0
518,ZKY_15A01,89.1,-90,0
519,ZKY_1601,0,-90,0
519,ZKY_1601,51.4,-90,0
520,ZKY_1602,0,-90,0
520,ZKY_1602,15,-89.3,317.7
520,ZKY_1602,30,-89.3,5.7
520,ZKY_1602,60,-88.4,358.3
520,ZKY_1602,90,-89.3,30.8
520,ZKY_1602,120,-88.4,227.6
520,ZKY_1602,150,-88.4,215.1
521,ZKY_1603,0,-90,0
521,ZKY_1603,15,-90,0
521,ZKY_1603,30,-90,0
521,ZKY_1603,60,-90,0
521,ZKY_1603,90,-90,0
521,ZKY_1603,120,-90,0
521,ZKY_1603,150,-90,0
521,ZKY_1603,180,-90,0
521,ZKY_1603,200,-90,0
522,ZKY_1701,0,-90,0
522,ZKY_1701,114.6,-90,0
523,ZKY_1702,0,-90,0
523,ZKY_1702,15,-89.4,140.5
523,ZKY_1702,30,-89.7,237.3
523,ZKY_1702,60,-90,196.1
523,ZKY_1702,90,-89.9,212.2
523,ZKY_1702,120,-89.5,63
523,ZKY_1702,150,-90,175.8
523,ZKY_1702,180,-89.9,155.3
523,ZKY_1702,210,-89.6,330.2
524,ZKY_17A01,0,-90,0
524,ZKY_17A01,15,-89.3,139.3
524,ZKY_17A01,30,-89.2,81.4
524,ZKY_17A01,60,-89.1,117.1
524,ZKY_17A01,90,-89.2,106.8
524,ZKY_17A01,120,-89,113
524,ZKY_17A01,150,-89.2,86.7
525,ZKY_17A02,0,-90,0
525,ZKY_17A02,15,-89.9,349.1
525,ZKY_17A02,30,-89.5,320.2
525,ZKY_17A02,60,-89.9,346.1
525,ZKY_17A02,90,-89.7,88
525,ZKY_17A02,120,-89.5,216.2
525,ZKY_17A02,150,-89.7,69.8
525,ZKY_17A02,180,-89.5,131.1
525,ZKY_17A02,210,-89.9,284.8
526,ZKY_1801,0,-90,0
526,ZKY_1801,50.1,-90,0
527,ZKY_1A01,0,-90,0
527,ZKY_1A01,203,-90,0
528,ZKY_1A02,0,-90,0
528,ZKY_1A02,15,-90,339.3
528,ZKY_1A02,30,-89.6,45.9
528,ZKY_1A02,60,-89.5,57.2
528,ZKY_1A02,90,-89.5,61
528,ZKY_1A02,120,-89.9,11.3
528,ZKY_1A02,150,-89.7,32.3
528,ZKY_1A02,180,-89.5,290
528,ZKY_1A02,201,-89.9,184.9
529,ZKY_1A03,0,-90,0
529,ZKY_1A03,15,-89.7,334.2
529,ZKY_1A03,30,-89.2,132.8
529,ZKY_1A03,60,-89.5,132.1
529,ZKY_1A03,90,-89.6,213.7
529,ZKY_1A03,120,-89.6,150.6
529,ZKY_1A03,150,-89.3,95.2
529,ZKY_1A03,180,-89.1,189.9
530,ZKY_1A04,0,-90,0
530,ZKY_1A04,15,-89.4,345.5
530,ZKY_1A04,30,-89.3,242.5
530,ZKY_1A04,60,-89.5,251.6
530,ZKY_1A04,90,-89.5,192.9
530,ZKY_1A04,120,-89.3,217
530,ZKY_1A04,150,-89.3,215.9
530,ZKY_1A04,180,-89.2,235.3
530,ZKY_1A04,210,-89.2,255.4
531,ZKY_1A05,0,-90,0
531,ZKY_1A05,15,-90,324.5
531,ZKY_1A05,30,-89.6,337.2
531,ZKY_1A05,60,-90,356.5
531,ZKY_1A05,90,-89.2,47.8
531,ZKY_1A05,120,-89.2,11.4
531,ZKY_1A05,150,-89.4,0.7
532,ZKY_1A06,0,-90,0
532,ZKY_1A06,15,-90,70.3
532,ZKY_1A06,30,-89.9,323.8
532,ZKY_1A06,60,-89.5,204.9
532,ZKY_1A06,90,-89.5,220.9
532,ZKY_1A06,120,-89.9,214.2
532,ZKY_1A06,150,-89.7,176.5
532,ZKY_1A06,180,-89.6,139
532,ZKY_1A06,205,-90,238.6
533,ZKY_2001,0,-90,0
533,ZKY_2001,23.1,-90,0
534,ZKY_2002,0,-90,0
534,ZKY_2002,15,-88.4,332.2
534,ZKY_2002,30,-89.1,134.1
534,ZKY_2002,60,-89,137.2
534,ZKY_2002,90,-89.1,107
534,ZKY_2002,120,-88.9,107.5
534,ZKY_2002,150,-88.9,105.9
534,ZKY_2002,180,-90,0
535,ZKY_201,0,-90,0
535,ZKY_201,15,-89.2,289
535,ZKY_201,30,-89.1,290.2
535,ZKY_201,60,-89.1,304.8
535,ZKY_201,90,-88.9,300.8
535,ZKY_201,113,-90,0
535,ZKY_201,120,-88.9,304.8
535,ZKY_201,150,-89.1,328
535,ZKY_201,180,-89,312.6
535,ZKY_201,210,-88.9,325.2
535,ZKY_201,240,-89.1,278.4
535,ZKY_201,270,-88.9,314.8
535,ZKY_201,300,-89.5,329.5
535,ZKY_201,317,-89,333.5
536,ZKY_202,0,-90,0
536,ZKY_202,136.45,-90,0
537,ZKY_203,0,-90,0
537,ZKY_203,253,-90,0
538,ZKY_204,0,-90,0
538,ZKY_204,222.3,-90,0
539,ZKY_205,0,-90,0
539,ZKY_205,141.3,-90,0
540,ZKY_205RD,0,-90,0
540,ZKY_205RD,58.3,-90,0
541,ZKY_205RD2,0,-90,0
541,ZKY_205RD2,15,-89.3,3.4
541,ZKY_205RD2,30,-89,336.9
541,ZKY_205RD2,60,-88.2,17.7
542,ZKY_206,0,-90,0
542,ZKY_206,235,-90,0
543,ZKY_207,0,-90,0
543,ZKY_207,40.7,-90,0
544,ZKY_207RD,0,-90,0
544,ZKY_207RD,220,-90,0
545,ZKY_208,0,-90,0
545,ZKY_208,257.8,-90,0
546,ZKY_209,0,-90,0
546,ZKY_209,206,-90,0
547,ZKY_210,0,-90,0
547,ZKY_210,288.7,-90,0
548,ZKY_2101,0,-90,0
548,ZKY_2101,15,-89.4,146.2
548,ZKY_2101,30,-90,216.6
548,ZKY_2101,60,-89.5,22.7
548,ZKY_2101,90,-89.9,197.1
549,ZKY_211,0,-90,0
549,ZKY_211,279.4,-90,0
550,ZKY_211RD,0,-90,0
550,ZKY_211RD,120.5,-90,0
551,ZKY_212,0,-90,0
551,ZKY_212,15,-89.6,349.4
551,ZKY_212,30,-89.9,154.4
551,ZKY_212,60,-89,34.5
551,ZKY_212,90,-89,21.9
551,ZKY_212,120,-89.9,18.4
551,ZKY_212,150,-89,47.7
551,ZKY_212,180,-89,17.8
552,ZKY_213,0,-90,0
552,ZKY_213,15,-89.5,39
552,ZKY_213,30,-89.6,28.7
552,ZKY_213,60,-89.9,231.5
552,ZKY_213,90,-88.4,156.1
552,ZKY_213,120,-89.2,64.6
552,ZKY_213,150,-89.9,24.6
553,ZKY_214,0,-90,0
553,ZKY_214,15,-89.6,34.1
553,ZKY_214,30,-89.6,3.3
553,ZKY_214,60,-88.4,339
553,ZKY_214,90,-88.4,243.2
553,ZKY_214,120,-89.5,140.4
553,ZKY_214,150,-89.3,138.7
553,ZKY_214,180,-89.4,231.9
554,ZKY_2201,0,-90,0
554,ZKY_2201,68,-90,0
555,ZKY_22A01,0,-90,0
555,ZKY_22A01,15,-89.5,128.1
555,ZKY_22A01,30,-89.6,322.9
555,ZKY_22A01,50,-89.5,18.9
556,ZKY_22A02,0,-90,0
556,ZKY_22A02,15,-89.9,38.7
556,ZKY_22A02,30,-89.3,220.3
556,ZKY_22A02,60,-89.5,149.1
556,ZKY_22A02,90,-88.8,1
556,ZKY_22A02,120,-88.8,2.8
556,ZKY_22A02,150,-88.8,308.7
556,ZKY_22A02,180,-88.8,334.5
556,ZKY_22A02,210,-88.8,276.7
556,ZKY_22A02,240,-90,131.1
557,ZKY_22A03,0,-90,0
557,ZKY_22A03,15,-90,0
557,ZKY_22A03,30,-90,0
557,ZKY_22A03,50,-90,0
558,ZKY_22A04,0,-90,0
558,ZKY_22A04,15,-90,0
558,ZKY_22A04,30,-90,0
558,ZKY_22A04,50,-90,0
559,ZKY_22A05,0,-90,0
559,ZKY_22A05,15,-90,0
559,ZKY_22A05,30,-90,0
559,ZKY_22A05,50,-90,0
560,ZKY_22A06,0,-90,0
560,ZKY_22A06,15,-90,0
560,ZKY_22A06,30,-90,0
560,ZKY_22A06,50,-90,0
561,ZKY_22A07,0,-90,0
561,ZKY_22A07,15,-90,0
561,ZKY_22A07,30,-90,0
561,ZKY_22A07,50,-90,0
562,ZKY_22A08,0,-90,0
562,ZKY_22A08,15,-89.1,317.5
562,ZKY_22A08,30,-89.2,49.7
562,ZKY_22A08,60,-89.2,11.8
562,ZKY_22A08,90,-89,49.9
562,ZKY_22A08,120,-88.9,45.3
562,ZKY_22A08,150,-89.3,16
562,ZKY_22A08,180,-88.7,153.8
562,ZKY_22A08,200,-89.9,324.6
563,ZKY_2401,0,-90,0
563,ZKY_2401,55.65,-90,0
564,ZKY_24A01,0,-90,0
564,ZKY_24A01,15,-90,0
564,ZKY_24A01,30,-90,0
564,ZKY_24A01,50,-90,0
565,ZKY_24A02,0,-90,0
565,ZKY_24A02,15,-90,0
565,ZKY_24A02,30,-90,0
565,ZKY_24A02,50,-90,0
566,ZKY_24A03,0,-90,0
566,ZKY_24A03,15,-90,0
566,ZKY_24A03,30,-90,0
566,ZKY_24A03,50,-90,0
567,ZKY_24A04,0,-90,0
567,ZKY_24A04,15,-90,0
567,ZKY_24A04,30,-90,0
567,ZKY_24A04,50,-90,0
568,ZKY_24A05,0,-90,0
568,ZKY_24A05,15,-90,0
568,ZKY_24A05,30,-90,0
568,ZKY_24A05,50,-90,0
569,ZKY_24A06,0,-90,0
569,ZKY_24A06,15,-90,0
569,ZKY_24A06,30,-90,0
569,ZKY_24A06,60,-90,0
570,ZKY_24A07,0,-90,0
570,ZKY_24A07,15,-88.4,324.5
570,ZKY_24A07,30,-88.4,249.6
570,ZKY_24A07,60,-88.4,282.4
570,ZKY_24A07,90,-88.4,300.5
570,ZKY_24A07,120,-89.1,123.4
570,ZKY_24A07,150,-89.1,92.5
570,ZKY_24A07,180,-88.3,140.3
570,ZKY_24A07,200,-88.5,228.7
571,ZKY_2601,0,-90,0
571,ZKY_2601,30,-90,0
572,ZKY_2602,0,-90,0
572,ZKY_2602,45,-90,0
573,ZKY_2603,0,-90,0
573,ZKY_2603,32.35,-90,0
574,ZKY_2604,0,-90,0
574,ZKY_2604,28.95,-90,0
575,ZKY_2605,0,-90,0
575,ZKY_2605,15,-89.9,256.1
575,ZKY_2605,30,-89.9,73
575,ZKY_2605,60,-88.5,225.5
575,ZKY_2605,90,-90,177.5
575,ZKY_2605,120,-89.5,211.7
575,ZKY_2605,150,-88.7,224
575,ZKY_2605,180,-88.8,189.1
575,ZKY_2605,200,-89.2,164.2
576,ZKY_26A01,0,-90,0
576,ZKY_26A01,15,-90,0
576,ZKY_26A01,30,-90,0
576,ZKY_26A01,50,-90,0
577,ZKY_26A02,0,-90,0
577,ZKY_26A02,15,-90,0
577,ZKY_26A02,30,-90,0
577,ZKY_26A02,50,-90,0
578,ZKY_26A03,0,-90,0
578,ZKY_26A03,15,-90,0
578,ZKY_26A03,30,-90,0
578,ZKY_26A03,50,-90,0
579,ZKY_26A04,0,-90,0
579,ZKY_26A04,15,-90,0
579,ZKY_26A04,30,-90,0
579,ZKY_26A04,50,-90,0
580,ZKY_26A05,0,-90,0
580,ZKY_26A05,15,-88.5,228.5
580,ZKY_26A05,30,-88.5,304.3
580,ZKY_26A05,60,-88.5,205.4
580,ZKY_26A05,90,-88.3,172.1
580,ZKY_26A05,120,-88.5,65.5
580,ZKY_26A05,150,-88.5,259.9
580,ZKY_26A05,180,-89,64.4
580,ZKY_26A05,200,-89,45.2
581,ZKY_26A06,0,-90,0
581,ZKY_26A06,15,-88.5,17.5
581,ZKY_26A06,30,-88.5,215.4
581,ZKY_26A06,60,-88.5,213.5
581,ZKY_26A06,90,-88.5,247.5
581,ZKY_26A06,120,-88.5,223.1
581,ZKY_26A06,150,-88.5,133.9
581,ZKY_26A06,180,-88.5,144.2
581,ZKY_26A06,196.2,-89.2,297.5
582,ZKY_2804,0,-90,0
582,ZKY_2804,60,-90,0
583,ZKY_28A01,0,-90,0
583,ZKY_28A01,15,-90,0
583,ZKY_28A01,30,-90,0
583,ZKY_28A01,50,-90,0
584,ZKY_2A01,0,-90,0
584,ZKY_2A01,268.3,-90,0
585,ZKY_2A02,0,-90,0
585,ZKY_2A02,195.5,-90,0
586,ZKY_2A03,0,-90,0
586,ZKY_2A03,15,-89.7,76.5
586,ZKY_2A03,30,-89.9,38.9
586,ZKY_2A03,60,-89.6,296.6
586,ZKY_2A03,90,-90,283.3
586,ZKY_2A03,120,-90,15.2
586,ZKY_2A03,150,-89.7,325.3
586,ZKY_2A03,180,-89.7,150.9
586,ZKY_2A03,210,-89.7,46.9
587,ZKY_2A03RD1,0,-90,0
587,ZKY_2A03RD1,15,-89.9,110.7
587,ZKY_2A03RD1,30,-90,168.9
587,ZKY_2A03RD1,60,-89.1,122.6
587,ZKY_2A03RD1,90,-89,115.2
587,ZKY_2A03RD1,120,-89.1,110.8
587,ZKY_2A03RD1,150,-89,135.3
587,ZKY_2A03RD1,180,-89,108.4
587,ZKY_2A03RD1,200,-89.1,88
588,ZKY_2A03RD2,0,-90,0
588,ZKY_2A03RD2,15,-89.5,86
588,ZKY_2A03RD2,30,-89,113.7
588,ZKY_2A03RD2,60,-89.3,92.4
588,ZKY_2A03RD2,90,-89,103.9
588,ZKY_2A03RD2,120,-89,114.1
588,ZKY_2A03RD2,150,-89.1,80
588,ZKY_2A03RD2,180,-88.9,139.1
589,ZKY_2A03RD3,0,-90,0
589,ZKY_2A03RD3,15,-89.5,161.3
589,ZKY_2A03RD3,30,-89.6,151.2
589,ZKY_2A03RD3,60,-89.2,171.5
589,ZKY_2A03RD3,90,-89.1,129.5
589,ZKY_2A03RD3,120,-89.2,118.2
589,ZKY_2A03RD3,150,-88.9,151.8
589,ZKY_2A03RD3,168,-89.1,107.9
590,ZKY_2A03RD4,0,-90,0
590,ZKY_2A03RD4,15,-89.7,347.3
590,ZKY_2A03RD4,30,-90,338.1
590,ZKY_2A03RD4,60,-89.4,290.2
590,ZKY_2A03RD4,90,-90,354.6
590,ZKY_2A03RD4,120,-89.3,317
590,ZKY_2A03RD4,150,-89.4,39.9
590,ZKY_2A03RD4,165,-89.6,340.8
591,ZKY_2A03RD5,0,-87.7,0
591,ZKY_2A03RD5,15,-87.5,160.7
591,ZKY_2A03RD5,30,-87.5,159.1
591,ZKY_2A03RD5,60,-87.6,160.5
591,ZKY_2A03RD5,90,-87.6,161.9
591,ZKY_2A03RD5,120,-87.8,161.2
591,ZKY_2A03RD5,150,-87.8,161.9
591,ZKY_2A03RD5,180,-87.8,162.2
591,ZKY_2A03RD5,200,-87.8,162.4
592,ZKY_2A04,0,-90,0
592,ZKY_2A04,15,-89.6,80.1
592,ZKY_2A04,30,-89.9,264.8
592,ZKY_2A04,60,-89.6,124.8
592,ZKY_2A04,90,-89.7,154.2
592,ZKY_2A04,120,-89.6,102.7
592,ZKY_2A04,150,-89.6,89.7
592,ZKY_2A04,180,-89.3,49.7
592,ZKY_2A04,210,-89.6,114
593,ZKY_2A05,0,-90,0
593,ZKY_2A05,15,-89.5,148.9
593,ZKY_2A05,30,-89.6,106.8
593,ZKY_2A05,60,-89.2,63.8
593,ZKY_2A05,90,-89.2,107
593,ZKY_2A05,120,-89.7,292.2
593,ZKY_2A05,150,-90,169.4
593,ZKY_2A05,180,-89.6,318.9
593,ZKY_2A05,210,-89.6,195.4
593,ZKY_2A05,240,-89.6,318.5
594,ZKY_2A06,0,-90,0
594,ZKY_2A06,15,-89.7,25.2
594,ZKY_2A06,30,-89.5,32.4
594,ZKY_2A06,60,-89.4,28.3
594,ZKY_2A06,90,-89.3,12.4
594,ZKY_2A06,120,-90,4.7
594,ZKY_2A06,150,-89.9,299.6
594,ZKY_2A06,180,-89.3,16.2
594,ZKY_2A06,210,-89.3,302.6
594,ZKY_2A06,240,-89.2,239.9
595,ZKY_2A07,0,-90,0
595,ZKY_2A07,15,-89.6,358.3
595,ZKY_2A07,30,-89.6,87.9
595,ZKY_2A07,60,-89.7,79.6
595,ZKY_2A07,90,-89.4,286.1
595,ZKY_2A07,120,-89.7,276
595,ZKY_2A07,150,-89.6,227.9
595,ZKY_2A07,180,-89.5,353.8
596,ZKY_2A07RD,0,-90,0
596,ZKY_2A07RD,15,-90,0
596,ZKY_2A07RD,30,-90,0
596,ZKY_2A07RD,60,-90,0
596,ZKY_2A07RD,90,-90,0
596,ZKY_2A07RD,120,-90,0
596,ZKY_2A07RD,150,-90,0
596,ZKY_2A07RD,180,-90,0
596,ZKY_2A07RD,210,-90,0
596,ZKY_2A07RD,240,-90,0
597,ZKY_2A08,0,-90,0
597,ZKY_2A08,15,-89.3,159.3
597,ZKY_2A08,30,-89,225.9
597,ZKY_2A08,60,-89,193.3
597,ZKY_2A08,90,-88.8,186.7
597,ZKY_2A08,120,-88.3,180
597,ZKY_2A08,150,-88.8,188
598,ZKY_2A08RD,0,-90,0
598,ZKY_2A08RD,15,-89.6,14
598,ZKY_2A08RD,30,-89,201
599,ZKY_3001,0,-90,0
599,ZKY_3001,15,-89.5,280
599,ZKY_3001,30,-89,339.9
599,ZKY_3001,60,-89.4,278
599,ZKY_3001,90,-89.3,305.2
599,ZKY_3001,120,-90,337.9
599,ZKY_3001,150,-89.4,117.6
599,ZKY_3001,180,-89.4,315.6
599,ZKY_3001,200,-89.1,329.7
600,ZKY_3002,0,-90,0
600,ZKY_3002,15,-90,42.5
600,ZKY_3002,30,-90,47.8
600,ZKY_3002,60,-89.9,309.1
600,ZKY_3002,90,-89.6,271.2
600,ZKY_3002,120,-89.7,105.6
600,ZKY_3002,150,-89.6,204.4
600,ZKY_3002,180,-89.1,200.4
601,ZKY_3004,0,-90,0
601,ZKY_3004,30,-90,0
602,ZKY_301,0,-90,0
602,ZKY_301,180.5,-90,0
603,ZKY_302,0,-90,0
603,ZKY_302,15,-89.6,67.5
603,ZKY_302,30,-89.7,358
603,ZKY_302,60,-90,298.1
603,ZKY_302,90,-89.7,341.1
603,ZKY_302,120,-89.2,40.1
603,ZKY_302,150,-89.5,134
603,ZKY_302,180,-89.3,125
603,ZKY_302,210,-90,346.3
603,ZKY_302,240,-89.6,164.2
603,ZKY_302,270,-89.1,118.5
603,ZKY_302,294.2,-89.1,118.5
604,ZKY_303,0,-90,0
604,ZKY_303,15,-89.3,253.6
604,ZKY_303,30,-89.6,268.4
604,ZKY_303,60,-89.3,353.1
604,ZKY_303,90,-89.1,17.8
604,ZKY_303,120,-89.7,349
604,ZKY_303,150,-89.2,342.6
604,ZKY_303,180,-89.2,340
604,ZKY_303,210,-89.3,7.2
604,ZKY_303,240,-89.1,345.8
604,ZKY_303,270,-89.1,13.5
604,ZKY_303,300,-89,5.2
605,ZKY_304,0,-90,0
605,ZKY_304,15,-89.3,75.7
605,ZKY_304,30,-88.9,64.2
605,ZKY_304,60,-88.9,53.8
605,ZKY_304,90,-88.9,52.5
605,ZKY_304,120,-88.9,120.6
605,ZKY_304,150,-88.8,56.2
605,ZKY_304,180,-88.9,78.7
605,ZKY_304,210,-88.9,78.1
605,ZKY_304,240,-88.9,87
605,ZKY_304,270,-88.9,88.7
605,ZKY_304,300,-88.9,92.5
606,ZKY_305,0,-90,0
606,ZKY_305,15,-89.3,164.6
606,ZKY_305,30,-89.1,202.5
606,ZKY_305,60,-89.2,169.8
606,ZKY_305,90,-89.6,152.3
606,ZKY_305,120,-89.5,157.1
606,ZKY_305,150,-89.3,125
606,ZKY_305,180,-89.3,115.5
606,ZKY_305,210,-89.1,167.1
606,ZKY_305,240,-89.2,113.3
606,ZKY_305,270,-89.1,155.2
606,ZKY_305,300,-89.1,142.9
607,ZKY_306,0,-90,0
607,ZKY_306,15,-89.5,333.6
607,ZKY_306,30,-89.6,154.3
607,ZKY_306,60,-89.7,203.4
607,ZKY_306,90,-89.8,341.6
607,ZKY_306,120,-89.6,212.5
607,ZKY_306,150,-89.9,71.6
607,ZKY_306,180,-89.4,280
607,ZKY_306,210,-90,353.8
607,ZKY_306,240,-89.2,284.1
607,ZKY_306,270,-89.3,258.8
607,ZKY_306,300,-89.3,271.6
607,ZKY_306,330,-89.1,259.6
608,ZKY_307,0,-90,0
608,ZKY_307,15,-90,137.3
608,ZKY_307,30,-88.5,351.5
608,ZKY_307,60,-90,100.6
608,ZKY_307,90,-89.4,276.9
608,ZKY_307,120,-89.9,248.9
608,ZKY_307,150,-89.6,33.2
608,ZKY_307,180,-88.8,189.1
608,ZKY_307,210,-89.6,225.9
608,ZKY_307,240,-89.3,188.6
608,ZKY_307,270,-89.6,194
609,ZKY_30A01,0,-90,0
609,ZKY_30A01,15,-90,0
609,ZKY_30A01,30,-90,0
609,ZKY_30A01,50,-90,0
610,ZKY_30A02,0,-90,0
610,ZKY_30A02,15,-90,0
610,ZKY_30A02,30,-90,0
610,ZKY_30A02,50,-89.4,290.4
611,ZKY_30A03,0,-90,0
611,ZKY_30A03,15,-89.3,172.5
611,ZKY_30A03,30,-90,58.3
611,ZKY_30A03,60,-89.8,256
611,ZKY_30A03,90,-89.5,243.3
611,ZKY_30A03,120,-90,0
611,ZKY_30A03,150,-90,0
611,ZKY_30A03,180,-90,0
611,ZKY_30A03,200,-90,0
612,ZKY_3204,0,-90,0
612,ZKY_3204,35,-90,0
613,ZKY_32A01,0,-90,0
613,ZKY_32A01,15,-90,0
613,ZKY_32A01,30,-90,0
613,ZKY_32A01,60,-90,0
614,ZKY_3401,0,-90,0
614,ZKY_3401,15,-89.9,18.5
614,ZKY_3401,30,-89.8,221.9
614,ZKY_3401,60,-89.4,251.1
614,ZKY_3401,90,-88.8,125.3
614,ZKY_3401,120,-89.2,193.1
614,ZKY_3401,150,-89.4,74.1
614,ZKY_3401,180,-90,0
614,ZKY_3401,200,-90,0
615,ZKY_3A01,0,-90,0
615,ZKY_3A01,169.65,-90,0
616,ZKY_3A02,0,-90,0
616,ZKY_3A02,15,-89.8,249.8
616,ZKY_3A02,30,-89.5,30
616,ZKY_3A02,60,-89.4,36.7
616,ZKY_3A02,90,-89.1,29
616,ZKY_3A02,120,-89.6,352
616,ZKY_3A02,150,-89.6,11
616,ZKY_3A02,165,-89.3,21.4
617,ZKY_3A03,0,-90,0
617,ZKY_3A03,15,-89.5,179.4
617,ZKY_3A03,30,-89.8,266.9
617,ZKY_3A03,60,-89.6,265.1
617,ZKY_3A03,90,-89.6,271.5
617,ZKY_3A03,120,-89.6,157.6
617,ZKY_3A03,150,-89.6,197.8
617,ZKY_3A03,180,-89.8,164
617,ZKY_3A03,210,-89.6,214.4
617,ZKY_3A03,240,-90,31.9
617,ZKY_3A03,260,-89.8,85.2
617,ZKY_3A03,270,-89.6,26.5
617,ZKY_3A03,300,-89.5,72.2
617,ZKY_3A03,330,-89.5,53.8
617,ZKY_3A03,390,-90,116.9
617,ZKY_3A03,415,-89.9,37.6
618,ZKY_3A04,0,-90,0
618,ZKY_3A04,15,-89.5,281.3
618,ZKY_3A04,30,-89.2,296.6
618,ZKY_3A04,60,-89.4,193.4
618,ZKY_3A04,90,-89.8,348.8
618,ZKY_3A04,120,-89.8,236.8
618,ZKY_3A04,150,-89.6,228.1
618,ZKY_3A04,180,-89,212.4
618,ZKY_3A04,210,-89.6,229.7
618,ZKY_3A04,240,-89,231.7
618,ZKY_3A04,270,-88.8,23.6
618,ZKY_3A04,300,-88.9,250.6
618,ZKY_3A04,330,-88.8,222.2
618,ZKY_3A04,360,-88.9,224
619,ZKY_3A05,0,-90,0
619,ZKY_3A05,15,-89.5,294.2
619,ZKY_3A05,30,-89.8,95.8
619,ZKY_3A05,60,-90,136.6
619,ZKY_3A05,90,-89.6,110.7
619,ZKY_3A05,120,-90,230.7
619,ZKY_3A05,150,-89.8,85.6
619,ZKY_3A05,180,-88.9,26.1
619,ZKY_3A05,183,-89.1,349.8
619,ZKY_3A05,210,-88.3,71.2
619,ZKY_3A05,240,-88.8,2
619,ZKY_3A05,270,-88.9,344.1
619,ZKY_3A05,300,-88.9,352
619,ZKY_3A05,330,-89,346.6
619,ZKY_3A05,360,-89.1,19.2
619,ZKY_3A05,390,-89.1,11.5
619,ZKY_3A05,420,-89.1,346.9
620,ZKY_3A06,0,-90,0
620,ZKY_3A06,15,-90,0
620,ZKY_3A06,30,-90,0
620,ZKY_3A06,60,-90,0
620,ZKY_3A06,90,-90,0
620,ZKY_3A06,120,-90,0
620,ZKY_3A06,150,-90,0
620,ZKY_3A06,180,-90,0
620,ZKY_3A06,210,-90,0
620,ZKY_3A06,240,-90,0
620,ZKY_3A06,270,-90,0
621,ZKY_3A07,0,-90,0
621,ZKY_3A07,15,-90,102.3
621,ZKY_3A07,30,-89.5,145.3
621,ZKY_3A07,60,-89.1,133.4
621,ZKY_3A07,90,-89,129.1
621,ZKY_3A07,120,-89.1,139.9
621,ZKY_3A07,150,-89.3,131.15
622,ZKY_3A07RD,0,-90,0
622,ZKY_3A07RD,15,-89.8,305.1
622,ZKY_3A07RD,30,-89.8,214.9
622,ZKY_3A07RD,60,-89.8,74.4
622,ZKY_3A07RD,90,-89.1,113.7
622,ZKY_3A07RD,120,-89.4,215.7
622,ZKY_3A07RD,150,-89.4,194.3
622,ZKY_3A07RD,180,-89.5,115.2
622,ZKY_3A07RD,210,-90,112.3
622,ZKY_3A07RD,240,-90,35.3
622,ZKY_3A07RD,270,-89.3,257.5
622,ZKY_3A07RD,300,-89.9,106.3
622,ZKY_3A07RD,330,-89.6,156
622,ZKY_3A07RD,350,-90,0
623,ZKY_401,0,-90,0
623,ZKY_401,115.65,-90,0
624,ZKY_401RD,0,-90,0
624,ZKY_401RD,180,-89.4,154.1
624,ZKY_401RD,210,-89.6,114.4
624,ZKY_401RD,240,-89.4,166.9
625,ZKY_402,0,-90,0
625,ZKY_402,115,-90,0
626,ZKY_402RD,0,-90,0
626,ZKY_402RD,15,-89.9,60.9
626,ZKY_402RD,30,-89.6,145.6
626,ZKY_402RD,60,-89.5,139.7
626,ZKY_402RD,90,-89.4,191.2
626,ZKY_402RD,120,-89.3,232.2
626,ZKY_402RD,150,-89.5,166.4
626,ZKY_402RD,180,-89.3,211
626,ZKY_402RD,210,-89.5,161.1
626,ZKY_402RD,240,-89.1,123
627,ZKY_403,0,-90,0
627,ZKY_403,102,-90,0
628,ZKY_403RD,0,-90,0
628,ZKY_403RD,15,-90,25.9
628,ZKY_403RD,30,-89.9,310.4
628,ZKY_403RD,60,-90,298.1
628,ZKY_403RD,90,-89.6,224.7
628,ZKY_403RD,120,-89.8,14
628,ZKY_403RD,150,-90,132.6
628,ZKY_403RD,180,-89.6,113.3
628,ZKY_403RD,210,-90,324.1
628,ZKY_403RD,240,-89.9,108.5
629,ZKY_404,0,-90,0
629,ZKY_404,106.6,-90,0
630,ZKY_404RD,0,-90,0
630,ZKY_404RD,30,-89.6,225.6
630,ZKY_404RD,60,-89.5,244.9
630,ZKY_404RD,90,-89.9,191.8
630,ZKY_404RD,120,-89.8,77.2
630,ZKY_404RD,150,-90,164.3
630,ZKY_404RD,180,-89.9,170
630,ZKY_404RD,210,-89.9,347.1
630,ZKY_404RD,240,-90,309
630,ZKY_404RD,256,-90,239.5
631,ZKY_405,0,-90,0
631,ZKY_405,15,-88.9,238.75
631,ZKY_405,30,-90,60.3
631,ZKY_405,60,-89.6,332.1
631,ZKY_405,90,-89.8,168.1
631,ZKY_405,120,-89.8,160.1
631,ZKY_405,150,-89.8,60.1
631,ZKY_405,180,-90,101.5
631,ZKY_405,210,-90,37.4
631,ZKY_405,240,-90,78.4
632,ZKY_406,0,-90,0
632,ZKY_406,15,-89.6,267.9
632,ZKY_406,30,-90,226.8
632,ZKY_406,60,-89.3,217.3
632,ZKY_406,90,-89.1,218.1
632,ZKY_406,120,-89.1,221.3
632,ZKY_406,150,-89,217.2
632,ZKY_406,180,-89.1,203.8
632,ZKY_406,195,-88.9,211.6
633,ZKY_4A01,0,-90,0
633,ZKY_4A01,164,-90,0
634,ZKY_4A01RD,0,-90,0
634,ZKY_4A01RD,214.6,-90,0
635,ZKY_4A02,0,-90,0
635,ZKY_4A02,127.8,-90,0
636,ZKY_4A03,0,-90,0
636,ZKY_4A03,128,-90,0
637,ZKY_4A04,0,-90,0
637,ZKY_4A04,125,-90,0
638,ZKY_4A04RD,0,-90,0
638,ZKY_4A04RD,27.8,-90,0
639,ZKY_4A04RD2,0,-90,0
639,ZKY_4A04RD2,285.3,-90,0
640,ZKY_4A05,0,-90,0
640,ZKY_4A05,274.85,-90,0
641,ZKY_4A06,0,-90,0
641,ZKY_4A06,246.65,-90,0
642,ZKY_4A07,0,-90,0
642,ZKY_4A07,166.8,-90,0
643,ZKY_4A08,0,-90,0
643,ZKY_4A08,15,-89.6,210.7
643,ZKY_4A08,30,-89.1,213.9
643,ZKY_4A08,60,-88.8,86.3
643,ZKY_4A08,90,-88.8,93.4
644,ZKY_4A08RD,0,-90,0
644,ZKY_4A08RD,15,-89.6,73.1
644,ZKY_4A08RD,30,-89.4,56
644,ZKY_4A08RD,60,-89.6,70.3
644,ZKY_4A08RD,90,-89.6,267.1
644,ZKY_4A08RD,120,-89.6,242.8
644,ZKY_4A08RD,150,-89.3,225.5
644,ZKY_4A08RD,180,-89.2,233.1
645,ZKY_4A09,0,-90,0
645,ZKY_4A09,15,-89.6,200.8
645,ZKY_4A09,30,-89.4,210.4
645,ZKY_4A09,60,-89.2,205.2
645,ZKY_4A09,90,-89.6,178.2
645,ZKY_4A09,120,-89.3,250.8
645,ZKY_4A09,150,-89.1,234.8
645,ZKY_4A09,180,-89.3,184.4
645,ZKY_4A09,200,-89.5,182.8
646,ZKY_4A10,0,-90,0
646,ZKY_4A10,15,-90,0
646,ZKY_4A10,30,-90,0
646,ZKY_4A10,60,-90,0
646,ZKY_4A10,90,-90,0
646,ZKY_4A10,120,-90,0
646,ZKY_4A10,150,-90,0
646,ZKY_4A10,180,-90,0
647,ZKY_4A11,0,-90,0
647,ZKY_4A11,15,-90,0
647,ZKY_4A11,30,-90,0
647,ZKY_4A11,60,-90,0
647,ZKY_4A11,90,-90,0
647,ZKY_4A11,120,-89.3,128.9
647,ZKY_4A11,150,-89.3,193.6
647,ZKY_4A11,180,-89.3,225.2
647,ZKY_4A11,195,-88.3,270
648,ZKY_501,0,-90,0
648,ZKY_501,15,-90,154.1
648,ZKY_501,30,-89.2,249.7
648,ZKY_501,60,-90,52.9
648,ZKY_501,90,-90,230.7
648,ZKY_501,120,-89.8,294.1
648,ZKY_501,150,-89.8,60.5
648,ZKY_501,180,-89.6,352
648,ZKY_501,210,-90,316.4
648,ZKY_501,240,-90,289.8
648,ZKY_501,270,-89.5,347
648,ZKY_501,300,-90,280.9
648,ZKY_501,315,-90,77.6
649,ZKY_502,0,-90,0
649,ZKY_502,15,-90,43.7
649,ZKY_502,30,-89.3,258
649,ZKY_502,60,-90,48.5
649,ZKY_502,90,-89.6,324.7
649,ZKY_502,120,-89.8,168.5
649,ZKY_502,150,-89.3,354.2
649,ZKY_502,180,-90,124.8
649,ZKY_502,210,-89.5,348.3
649,ZKY_502,240,-89.8,131.4
649,ZKY_502,270,-89.8,346.4
649,ZKY_502,300,-89.8,72.2
650,ZKY_503,0,-90,0
650,ZKY_503,15,-89.6,285.9
650,ZKY_503,30,-89.5,9.3
650,ZKY_503,60,-89.3,307.1
650,ZKY_503,90,-89.8,343.1
650,ZKY_503,120,-89.8,256.8
650,ZKY_503,150,-89.8,328.4
650,ZKY_503,180,-90,288.2
651,ZKY_504,0,-90,0
651,ZKY_504,15,-89.8,72.3
651,ZKY_504,30,-89.5,88.7
651,ZKY_504,60,-89.3,60.9
651,ZKY_504,90,-89.1,84.8
651,ZKY_504,120,-89.1,106.8
651,ZKY_504,150,-89.1,100.1
651,ZKY_504,180,-89,115.1
651,ZKY_504,210,-89.3,88.2
651,ZKY_504,240,-89,152.2
651,ZKY_504,271,-89,144.5
652,ZKY_505,0,-90,0
652,ZKY_505,15,-89.7,150.8
652,ZKY_505,30,-89.6,87.5
652,ZKY_505,60,-89.3,133.8
652,ZKY_505,90,-90,71.3
652,ZKY_505,120,-89.8,304.8
652,ZKY_505,150,-89.7,140.6
652,ZKY_505,180,-90,75.1
653,ZKY_506,0,-90,0
653,ZKY_506,15,-89.8,218.7
653,ZKY_506,30,-89.4,6.7
653,ZKY_506,60,-89.5,62.7
653,ZKY_506,90,-90,86.7
653,ZKY_506,120,-90,120.6
653,ZKY_506,150,-89.6,175.8
653,ZKY_506,180,-89.8,118.36
654,ZKY_507,0,-90,0
654,ZKY_507,15,-90,218.7
654,ZKY_507,30,-89.5,20.3
654,ZKY_507,60,-89.3,133.7
654,ZKY_507,90,-89.3,157.5
654,ZKY_507,120,-89.1,118.6
654,ZKY_507,150,-89,105.5
655,ZKY_507RD,0,-90,0
655,ZKY_507RD,15,-89.3,289.6
655,ZKY_507RD,30,-89.3,286.1
655,ZKY_507RD,60,-89.5,272.7
655,ZKY_507RD,90,-89.6,227.3
655,ZKY_507RD,120,-89.8,290.5
655,ZKY_507RD,150,-89.4,265.8
655,ZKY_507RD,180,-89.7,175.5
656,ZKY_508,0,-90,0
656,ZKY_508,15,-89.6,93.1
656,ZKY_508,30,-90,223.2
656,ZKY_508,60,-89.8,40.6
656,ZKY_508,90,-89.7,73.9
656,ZKY_508,120,-89.5,87.9
656,ZKY_508,150,-89.7,69.5
656,ZKY_508,180,-90,342.2
656,ZKY_508,210,-89.8,89.8
656,ZKY_508,237,-90,246.6
656,ZKY_508,240,-89.8,72.3
656,ZKY_508,270,-89,99.6
656,ZKY_508,300,-89,94
656,ZKY_508,330,-88.9,97
656,ZKY_508,360,-88.9,91
656,ZKY_508,375,-89,99.3
657,ZKY_509,0,-90,0
657,ZKY_509,15,-89.8,339.7
657,ZKY_509,30,-89.6,228.2
657,ZKY_509,60,-89.4,311
657,ZKY_509,90,-89.5,283.2
657,ZKY_509,120,-89.7,315.4
657,ZKY_509,150,-88.9,119.4
658,ZKY_509RD,0,-90,0
658,ZKY_509RD,15,-90,312.4
658,ZKY_509RD,30,-89.5,3.4
658,ZKY_509RD,60,-90,28.2
658,ZKY_509RD,90,-89.7,286.7
658,ZKY_509RD,120,-89.3,358.9
658,ZKY_509RD,150,-89.2,286.4
658,ZKY_509RD,180,-89.3,290.7
658,ZKY_509RD,210,-90,342.9
658,ZKY_509RD,240,-89.6,261.4
658,ZKY_509RD,270,-90,11.7
658,ZKY_509RD,300,-89.7,54.8
658,ZKY_509RD,330,-89.7,0
658,ZKY_509RD,360,-90,293.3
659,ZKY_510,0,-90,0
659,ZKY_510,15,-88.8,326.1
659,ZKY_510,30,-89.2,224.8
659,ZKY_510,60,-89.3,129.5
659,ZKY_510,90,-89.7,31.9
659,ZKY_510,120,-88.8,24
659,ZKY_510,150,-88.8,348.1
659,ZKY_510,180,-88.8,91.2
659,ZKY_510,210,-88.8,293
659,ZKY_510,240,-88.8,137.3
660,ZKY_511,0,-90,0
660,ZKY_511,15,-90,0
660,ZKY_511,30,-90,0
660,ZKY_511,60,-90,0
660,ZKY_511,90,-90,0
660,ZKY_511,120,-90,0
660,ZKY_511,150,-90,0
660,ZKY_511,180,-90,0
660,ZKY_511,210,-90,0
660,ZKY_511,240,-90,0
660,ZKY_511,270,-90,0
660,ZKY_511,300,-90,0
660,ZKY_511,330,-90,0
660,ZKY_511,360,-90,0
660,ZKY_511,385,-90,0
661,ZKY_512,0,-90,0
661,ZKY_512,15,-90,0
661,ZKY_512,30,-90,0
661,ZKY_512,60,-90,0
661,ZKY_512,90,-90,0
661,ZKY_512,120,-90,0
661,ZKY_512,150,-90,0
661,ZKY_512,180,-89.1,243.8
661,ZKY_512,210,-89.1,242.7
661,ZKY_512,240,-89.1,241.1
661,ZKY_512,270,-89.1,248.2
661,ZKY_512,300,-89.1,240.1
661,ZKY_512,330,-89.1,245.6
662,ZKY_513,0,-90,0
662,ZKY_513,15,-88.5,199.5
662,ZKY_513,30,-90,171.1
662,ZKY_513,60,-89.3,356.3
662,ZKY_513,90,-89.8,142.8
662,ZKY_513,120,-89.6,80.3
662,ZKY_513,150,-89.8,103.4
662,ZKY_513,180,-89.5,121.3
662,ZKY_513,210,-88.5,239.5
662,ZKY_513,240,-89,133
663,ZKY_5A01,0,-90,0
663,ZKY_5A01,15,-89.4,35.9
663,ZKY_5A01,30,-89.7,12.7
663,ZKY_5A01,60,-90,109.8
663,ZKY_5A01,90,-89.8,88.3
663,ZKY_5A01,120,-90,251.3
663,ZKY_5A01,150,-90,333.3
663,ZKY_5A01,180,-89.7,20
663,ZKY_5A01,210,-89.5,306.5
664,ZKY_5A02,0,-90,0
664,ZKY_5A02,15,-90,30
664,ZKY_5A02,30,-90,166.2
664,ZKY_5A02,60,-89.7,212.3
664,ZKY_5A02,90,-89.8,202.9
664,ZKY_5A02,120,-90,200.1
665,ZKY_5A03,0,-90,0
665,ZKY_5A03,15,-90,311.9
665,ZKY_5A03,30,-89.5,4
665,ZKY_5A03,60,-90,11.8
665,ZKY_5A03,90,-89.4,18.2
665,ZKY_5A03,120,-89.8,46.1
665,ZKY_5A03,150,-89.1,323.6
665,ZKY_5A03,180,-90,322.4
665,ZKY_5A03,210,-90,335
665,ZKY_5A03,240,-89.1,310.2
665,ZKY_5A03,270,-89.3,339.1
665,ZKY_5A03,300,-89.7,29
665,ZKY_5A03,330,-89.8,188.3
665,ZKY_5A03,360,-89.7,186.3
665,ZKY_5A03,390,-88.8,298
665,ZKY_5A03,420,-89.5,134.9
666,ZKY_5A04,0,-90,0
666,ZKY_5A04,15,-88.9,91
666,ZKY_5A04,30,-89.6,64.1
666,ZKY_5A04,60,-89.8,209.4
666,ZKY_5A04,90,-89.4,329.4
666,ZKY_5A04,120,-89.5,42.3
667,ZKY_5A04RD,0,-90,0
667,ZKY_5A04RD,15,-89.6,178.1
667,ZKY_5A04RD,30,-89.2,209.3
667,ZKY_5A04RD,60,-88.3,183.2
667,ZKY_5A04RD,90,-88.8,185.3
667,ZKY_5A04RD,120,-90,0
667,ZKY_5A04RD,150,-90,0
667,ZKY_5A04RD,180,-90,0
667,ZKY_5A04RD,210,-90,0
667,ZKY_5A04RD,240,-90,0
668,ZKY_5A05,0,-90,0
668,ZKY_5A05,15,-90,0
668,ZKY_5A05,30,-90,0
668,ZKY_5A05,60,-90,0
668,ZKY_5A05,90,-90,0
668,ZKY_5A05,120,-90,0
668,ZKY_5A05,150,-90,0
668,ZKY_5A05,180,-90,0
668,ZKY_5A05,210,-90,0
668,ZKY_5A05,240,-90,0
668,ZKY_5A05,270,-90,0
668,ZKY_5A05,300,-90,0
668,ZKY_5A05,330,-90,0
669,ZKY_5A06,0,-90,0
669,ZKY_5A06,15,-90,0
669,ZKY_5A06,30,-90,0
669,ZKY_5A06,60,-90,0
669,ZKY_5A06,90,-90,0
669,ZKY_5A06,120,-90,0
669,ZKY_5A06,150,-90,0
669,ZKY_5A06,180,-89.2,282.5
669,ZKY_5A06,210,-89.1,278.8
669,ZKY_5A06,240,-88.9,277.7
669,ZKY_5A06,270,-88.9,289
669,ZKY_5A06,300,-88.9,297.1
670,ZKY_5A09,0,-90,0
670,ZKY_5A09,15,-88.5,35.9
670,ZKY_5A09,30,-90,174.8
670,ZKY_5A09,60,-88.5,190.7
670,ZKY_5A09,90,-88.6,129.7
670,ZKY_5A09,120,-88.6,187.1
670,ZKY_5A09,150,-88.6,353.8
670,ZKY_5A09,180,-88.6,359.3
671,ZKY_601,0,-90,0
671,ZKY_601,264.2,-90,0
672,ZKY_602,0,-90,0
672,ZKY_602,106.8,-90,0
673,ZKY_602RD,0,-90,0
673,ZKY_602RD,32,-90,0
674,ZKY_602RD2,0,-90,0
674,ZKY_602RD2,15,-89.8,154.8
674,ZKY_602RD2,30,-89.3,284.6
674,ZKY_602RD2,60,-89.2,189.5
674,ZKY_602RD2,90,-89.6,43.3
674,ZKY_602RD2,120,-90,208.5
674,ZKY_602RD2,150,-89.7,185.9
674,ZKY_602RD2,180,-89.8,214.2
674,ZKY_602RD2,210,-90,210.6
674,ZKY_602RD2,240,-90,217.7
675,ZKY_603,0,-90,0
675,ZKY_603,213.2,-90,0
676,ZKY_604,0,-90,0
677,ZKY_6A01,0,-90,0
677,ZKY_6A01,136.7,-90,0
678,ZKY_6A02,0,-90,0
678,ZKY_6A02,100,-90,0
679,ZKY_6A02RD,0,-90,0
679,ZKY_6A02RD,15,-89.3,281.4
679,ZKY_6A02RD,30,-90,191.1
679,ZKY_6A02RD,60,-89.6,170.6
679,ZKY_6A02RD,90,-89.2,144.6
679,ZKY_6A02RD,120,-89.5,93.6
679,ZKY_6A02RD,150,-89.2,93.8
679,ZKY_6A02RD,180,-89.3,63.2
679,ZKY_6A02RD,210,-89.6,81.7
679,ZKY_6A02RD,240,-89.6,43.3
679,ZKY_6A02RD,259,-89.7,103.4
680,ZKY_6A03,0,-90,0
680,ZKY_6A03,126.6,-90,0
681,ZKY_6A03RD,0,-90,0
681,ZKY_6A03RD,15,-89.5,192.1
681,ZKY_6A03RD,30,-90,226.1
681,ZKY_6A03RD,60,-89.4,42.5
681,ZKY_6A03RD,90,-90,79.4
681,ZKY_6A03RD,120,-89.8,238.2
681,ZKY_6A03RD,150,-90,343.3
681,ZKY_6A03RD,180,-89.8,303.6
681,ZKY_6A03RD,210,-89.6,45.5
681,ZKY_6A03RD,240,-89.8,30.6
682,ZKY_6A04,0,-90,0
682,ZKY_6A04,155.5,-90,0
683,ZKY_701,0,-90,0
683,ZKY_701,15,-90,342
683,ZKY_701,30,-89.6,343.4
683,ZKY_701,60,-89.7,249.2
683,ZKY_701,90,-90,50.3
683,ZKY_701,120,-90,29.3
683,ZKY_701,150,-89.8,355.9
683,ZKY_701,180,-89.5,340.6
683,ZKY_701,200,-89.5,330.2
684,ZKY_702,0,-90,0
684,ZKY_702,15,-89.4,55.9
684,ZKY_702,30,-89.9,103.5
685,ZKY_702RD,0,-90,0
685,ZKY_702RD,15,-89.3,323.7
685,ZKY_702RD,30,-89.4,282.5
685,ZKY_702RD,60,-88.8,327.3
685,ZKY_702RD,90,-88.6,119.8
685,ZKY_702RD,120,-88.3,301.2
685,ZKY_702RD,150,-88.6,349.1
685,ZKY_702RD,180,-88.6,332.2
685,ZKY_702RD,207.5,-89.2,316.1
686,ZKY_703,0,-90,0
686,ZKY_703,15,-89.6,129.2
686,ZKY_703,30,-89.5,98.4
687,ZKY_703RD,0,-90,0
687,ZKY_703RD,15,-89.8,269.2
687,ZKY_703RD,30,-89.4,22.7
688,ZKY_703RD1,0,-90,0
688,ZKY_703RD1,15,-90,0
688,ZKY_703RD1,30,-89.3,89
688,ZKY_703RD1,60,-88.6,206.1
688,ZKY_703RD1,90,-89.3,165.2
688,ZKY_703RD1,120,-89,216.7
688,ZKY_703RD1,150,-89.8,114.6
688,ZKY_703RD1,180,-89.2,176.3
688,ZKY_703RD1,210,-88.3,46.5
688,ZKY_703RD1,240,-88.6,179.3
688,ZKY_703RD1,270,-88.6,317
689,ZKY_704,0,-90,0
689,ZKY_704,15,-90,165.4
689,ZKY_704,30,-89.5,172.7
689,ZKY_704,60,-90,108.2
689,ZKY_704,90,-89.7,188.8
689,ZKY_704,120,-90,179.8
689,ZKY_704,150,-90,204.1
689,ZKY_704,180,-89.5,112.7
689,ZKY_704,195,-89.3,212.1
690,ZKY_705,0,-90,0
690,ZKY_705,15,-89.8,211.4
690,ZKY_705,30,-90,8.2
690,ZKY_705,60,-89.4,149.2
690,ZKY_705,90,-89.4,182.7
690,ZKY_705,120,-90,0
690,ZKY_705,150,-89.2,99
690,ZKY_705,180,-89.6,50
690,ZKY_705,240,-89.5,214
690,ZKY_705,270,-89.6,355.6
691,ZKY_705RD,0,-90,0
691,ZKY_705RD,15,-90,20.6
691,ZKY_705RD,30,-89.5,312.7
691,ZKY_705RD,60,-90,136.9
691,ZKY_705RD,90,-89.8,258.1
691,ZKY_705RD,120,-90,93.9
691,ZKY_705RD,150,-90,144.9
691,ZKY_705RD,180,-89.8,99
691,ZKY_705RD,210,-89,353
691,ZKY_705RD,240,-89.1,353.8
691,ZKY_705RD,270,-89,25.2
691,ZKY_705RD,300,-89.4,61.8
691,ZKY_705RD,330,-89.2,32.5
692,ZKY_706,0,-90,0
692,ZKY_706,15,-89.8,155
692,ZKY_706,30,-89.7,200.4
692,ZKY_706,60,-89.5,82.5
692,ZKY_706,90,-89.2,154.3
692,ZKY_706,120,-90,57.6
692,ZKY_706,150,-90,171.2
692,ZKY_706,180,-90,87.1
692,ZKY_706,210,-89.7,218.3
692,ZKY_706,240,-89.5,224.5
692,ZKY_706,270,-89.3,232
692,ZKY_706,300,-89.7,265.7
692,ZKY_706,330,-89.2,236.1
692,ZKY_706,360,-89.3,217.5
693,ZKY_707,0,-90,0
693,ZKY_707,15,-90,140.7
693,ZKY_707,30,-90,290.3
693,ZKY_707,60,-89.7,175.7
693,ZKY_707,90,-89.7,248
693,ZKY_707,120,-89.7,347.8
693,ZKY_707,150,-90,0
693,ZKY_707,180,-90,0
693,ZKY_707,210,-90,0
693,ZKY_707,240,-90,0
693,ZKY_707,270,-90,0
693,ZKY_707,300,-90,0
693,ZKY_707,330,-90,0
693,ZKY_707,360,-90,0
694,ZKY_708,0,-90,0
694,ZKY_708,15,-89.7,101.9
694,ZKY_708,30,-88.6,187.3
694,ZKY_708,60,-89.5,97.5
694,ZKY_708,90,-89.3,35.1
694,ZKY_708,120,-89.3,41.8
694,ZKY_708,150,-89.4,46.7
694,ZKY_708,180,-89.4,70.1
694,ZKY_708,210,-89.4,64.6
694,ZKY_708,240,-89.2,23.17
694,ZKY_708,270,-88.6,209
694,ZKY_708,300,-89,62.4
694,ZKY_708,330,-88.3,27.03
694,ZKY_708,350,-88.3,270.4
695,ZKY_709,0,-90,0
695,ZKY_709,15,-88.6,180.3
695,ZKY_709,30,-88.6,180.1
695,ZKY_709,60,-90,206.7
695,ZKY_709,90,-88.6,332
695,ZKY_709,120,-89.6,242.3
695,ZKY_709,150,-88.4,173.4
695,ZKY_709,180,-88.6,77.2
695,ZKY_709,210,-88.6,324.5
695,ZKY_709,240,-88.6,48.6
696,ZKY_7A01,0,-90,0
696,ZKY_7A01,15,-90,141.3
696,ZKY_7A01,30,-89.6,267.4
696,ZKY_7A01,60,-90,314.6
696,ZKY_7A01,90,-90,219.3
696,ZKY_7A01,120,-89.8,152.6
696,ZKY_7A01,150,-90,171.5
696,ZKY_7A01,180,-89.6,102.5
697,ZKY_7A02,0,-90,0
697,ZKY_7A02,15,-89.8,317.2
697,ZKY_7A02,30,-89.7,42.7
697,ZKY_7A02,60,-89.6,141
697,ZKY_7A02,90,-90,324.4
697,ZKY_7A02,120,-89.6,64.3
697,ZKY_7A02,150,-89.7,286.7
697,ZKY_7A02,180,-89.8,337.9
697,ZKY_7A02,210,-89.7,322.8
698,ZKY_7A03,0,-90,0
698,ZKY_7A03,15,-89.8,351.2
698,ZKY_7A03,30,-89.4,2.7
698,ZKY_7A03,60,-89.7,332.3
699,ZKY_7A03RD,0,-90,0
699,ZKY_7A03RD,15,-90,205.5
699,ZKY_7A03RD,30,-89.6,79.1
699,ZKY_7A03RD,60,-89.4,167
699,ZKY_7A03RD,90,-89,178.4
699,ZKY_7A03RD,120,-88.9,152.9
699,ZKY_7A03RD,150,-88.9,160.5
699,ZKY_7A03RD,180,-88.9,150
699,ZKY_7A03RD,210,-88.9,167.4
699,ZKY_7A03RD,240,-88.9,160.8
699,ZKY_7A03RD,270,-88.9,210.7
699,ZKY_7A03RD,300,-89,175.2
699,ZKY_7A03RD,330,-88.9,162.2
699,ZKY_7A03RD,360,-88.8,164.3
699,ZKY_7A03RD,390,-88.8,154.5
699,ZKY_7A03RD,420,-88.8,176.6
700,ZKY_7A04,0,-90,0
700,ZKY_7A04,15,-89.8,234.4
700,ZKY_7A04,30,-89.8,202.5
700,ZKY_7A04,60,-89.2,215.2
700,ZKY_7A04,90,-89.7,190.7
700,ZKY_7A04,120,-89.4,242.8
700,ZKY_7A04,150,-89.3,221
700,ZKY_7A04,175,-89.3,188
701,ZKY_7A05,0,-90,0
701,ZKY_7A05,15,-89.5,265.4
701,ZKY_7A05,30,-89.6,163.4
701,ZKY_7A05,60,-89.7,95.5
701,ZKY_7A05,90,-89.7,168.4
701,ZKY_7A05,120,-89.3,142.6
701,ZKY_7A05,150,-89.2,256.2
701,ZKY_7A05,180,-89.6,184.6
701,ZKY_7A05,210,-89.2,194.7
701,ZKY_7A05,240,-89.1,178.2
702,ZKY_7A06,0,-90,0
702,ZKY_7A06,15,-88.6,286.3
702,ZKY_7A06,30,-88.6,184
702,ZKY_7A06,60,-89.6,346.8
702,ZKY_7A06,90,-88.6,118.9
702,ZKY_7A06,120,-88.7,141.6
702,ZKY_7A06,150,-88.7,25.7
702,ZKY_7A06,180,-89.2,357
702,ZKY_7A06,210,-88.7,342.2
702,ZKY_7A06,240,-88.7,147.1
702,ZKY_7A06,270,-88.7,29.9
702,ZKY_7A06,300,-88.7,297.8
702,ZKY_7A06,330,-88.7,273.5
703,ZKY_7A07,0,-90,0
703,ZKY_7A07,15,-90,125.5
703,ZKY_7A07,30,-88.7,174.8
703,ZKY_7A07,60,-89.7,158
703,ZKY_7A07,90,-88.7,111.8
703,ZKY_7A07,120,-88.7,224.4
703,ZKY_7A07,150,-89.2,170.9
703,ZKY_7A07,180,-89.5,144.6
703,ZKY_7A07,210,-88.7,164.6
703,ZKY_7A07,240,-88.7,200.3
704,ZKY_7A08,0,-90,0
704,ZKY_7A08,15,-88.7,102.2
704,ZKY_7A08,30,-89.6,17.9
704,ZKY_7A08,60,-88.7,198.3
704,ZKY_7A08,90,-89.4,356.2
704,ZKY_7A08,120,-89.1,358.9
704,ZKY_7A08,150,-88.7,159.5
704,ZKY_7A08,180,-88.7,22.2
704,ZKY_7A08,210,-88.7,325.6
705,ZKY_801,0,-90,0
705,ZKY_801,30,-90,195.4
706,ZKY_801RD,0,-90,0
706,ZKY_801RD,82.45,-90,0
707,ZKY_802,0,-90,0
707,ZKY_802,145.6,-90,0
708,ZKY_803,0,-90,0
708,ZKY_803,102,-90,0
709,ZKY_803RD,0,-90,0
709,ZKY_803RD,148.85,-90,0
710,ZKY_804,0,-90,0
710,ZKY_804,163.15,-90,0
711,ZKY_805,0,-90,0
711,ZKY_805,192.7,-90,0
712,ZKY_806,0,-90,0
712,ZKY_806,185,-90,0
713,ZKY_807,0,-90,0
713,ZKY_807,155.4,-90,0
714,ZKY_8A01,0,-90,0
714,ZKY_8A01,155,-90,0
715,ZKY_8A02,0,-90,0
715,ZKY_8A02,54.75,-90,0
716,ZKY_8A03,0,-90,0
716,ZKY_8A03,240.75,-90,0
717,ZKY_901,0,-90,0
717,ZKY_901,15,-89.7,324.1
717,ZKY_901,30,-89.8,29.5
717,ZKY_901,60,-89.6,283.7
717,ZKY_901,90,-89,295.7
717,ZKY_901,120,-89.8,350
717,ZKY_901,150,-89.8,340.7
717,ZKY_901,180,-89.4,289.8
718,ZKY_902,0,-90,0
718,ZKY_902,15,-89.8,348.3
718,ZKY_902,30,-90,93.2
718,ZKY_902,60,-89.8,248.3
718,ZKY_902,90,-90,87
718,ZKY_902,120,-89.4,167.4
718,ZKY_902,150,-89.4,127.7
718,ZKY_902,180,-89.2,177.8
719,ZKY_903,0,-90,0
719,ZKY_903,15,-89.6,73.9
719,ZKY_903,30,-90,100.7
719,ZKY_903,60,-89.4,99.4
719,ZKY_903,90,-89.4,164.2
719,ZKY_903,120,-89.1,92
719,ZKY_903,150,-89.7,133.3
719,ZKY_903,180,-89.4,147.6
719,ZKY_903,210,-90,106
719,ZKY_903,240,-89.2,135
719,ZKY_903,270,-89.1,99.7
719,ZKY_903,300,-89.7,102
719,ZKY_903,330,-89.6,120.8
719,ZKY_903,360,-89.7,126.1
720,ZKY_904,0,-90,0
720,ZKY_904,15,-89.4,268.3
720,ZKY_904,30,-89.5,289.3
720,ZKY_904,60,-89.4,263.9
720,ZKY_904,90,-89.3,195.5
720,ZKY_904,120,-89.8,116.4
720,ZKY_904,150,-89.4,282.8
720,ZKY_904,180,-89.2,293.8
720,ZKY_904,210,-89.4,206.5
720,ZKY_904,240,-89.5,252
720,ZKY_904,270,-89.4,4.7
721,ZKY_904RD,0,-90,0
721,ZKY_904RD,15,-89.7,165.2
721,ZKY_904RD,30,-89.5,167.2
721,ZKY_904RD,60,-89.7,216.1
721,ZKY_904RD,90,-89.6,142.4
721,ZKY_904RD,120,-89.6,197.9
721,ZKY_904RD,150,-89.3,102.9
721,ZKY_904RD,180,-90,134.7
721,ZKY_904RD,210,-90,26
721,ZKY_904RD,240,-89.4,104.6
721,ZKY_904RD,270,-89.8,97.9
721,ZKY_904RD,300,-89.4,90.9
721,ZKY_904RD,330,-90,142
721,ZKY_904RD,360,-89.1,166.9
722,ZKY_905,0,-90,0
722,ZKY_905,147.3,-90,0
723,ZKY_905RD,0,-90,0
723,ZKY_905RD,15,-90,0
723,ZKY_905RD,30,-90,0
723,ZKY_905RD,60,-90,0
723,ZKY_905RD,90,-90,0
723,ZKY_905RD,120,-90,0
723,ZKY_905RD,150,-90,0
723,ZKY_905RD,180,-90,0
723,ZKY_905RD,200,-90,0
724,ZKY_906,0,-90,0
724,ZKY_906,15,-89.8,287.9
724,ZKY_906,30,-89.7,82.1
724,ZKY_906,60,-89.2,8.2
724,ZKY_906,90,-89.6,326.1
724,ZKY_906,120,-88.8,265.9
724,ZKY_906,150,-89.6,279.6
724,ZKY_906,180,-88.8,293.9
724,ZKY_906,210,-85.5,174.6
725,ZKY_907,0,-90,0
725,ZKY_907,15,-89.5,310.5
725,ZKY_907,30,-85.5,265.7
725,ZKY_907,60,-88.9,295
725,ZKY_907,90,-89,253.4
725,ZKY_907,120,-89.1,37.1
725,ZKY_907,150,-89.2,312.2
725,ZKY_907,180,-85.5,257.5
725,ZKY_907,210,-89.6,308.5
725,ZKY_907,240,-89.2,201.5
725,ZKY_907,270,-89.2,28.9
726,ZKY_908,0,-90,0
726,ZKY_908,15,-85.5,165.3
726,ZKY_908,30,-85.5,188.5
726,ZKY_908,60,-85.5,322.7
726,ZKY_908,90,-85.5,30.4
726,ZKY_908,120,-85.5,73.2
726,ZKY_908,150,-89.6,8.1
726,ZKY_908,180,-89.8,137.4
726,ZKY_908,210,-85.5,74.7
726,ZKY_908,240,-85.5,266.2
727,ZKY_9A01,0,-90,0
727,ZKY_9A01,108.5,-90,0
728,ZKY_9A02,0,-90,0
728,ZKY_9A02,15,-89.4,171.6
728,ZKY_9A02,30,-89.3,202.6
728,ZKY_9A02,60,-89.3,193.9
728,ZKY_9A02,90,-89.5,226.3
728,ZKY_9A02,120,-89.6,296.7
728,ZKY_9A02,150,-89.4,207.2
728,ZKY_9A02,180,-89.4,219.8
728,ZKY_9A02,210,-89.7,75.6
728,ZKY_9A02,240,-89.8,171.1
728,ZKY_9A02,246.55,-89.8,171.1
729,ZKY_9A03,0,-90,0
729,ZKY_9A03,15,-89.5,174.1
729,ZKY_9A03,30,-89.7,276.8
729,ZKY_9A03,60,-89.3,139.7
729,ZKY_9A03,90,-89.8,92.6
729,ZKY_9A03,150,-89.2,176.4
729,ZKY_9A03,180,-89.9,228.7
729,ZKY_9A03,210,-89,214.8
729,ZKY_9A03,240,-89.9,141.7
729,ZKY_9A03,270,-89.3,181.7
730,ZKY_9A04,0,-90,0
730,ZKY_9A04,15,-89.7,332.9
730,ZKY_9A04,30,-88.9,345.7
730,ZKY_9A04,60,-88.9,0.7
730,ZKY_9A04,90,-88.7,20.6
730,ZKY_9A04,120,-88.7,314.4
730,ZKY_9A04,150,-88.4,340.3
730,ZKY_9A04,180,-88.9,321.7
730,ZKY_9A04,210,-88.9,304.5
730,ZKY_9A04,240,-89.2,289.1
730,ZKY_9A04,270,-89,347.6
730,ZKY_9A04,300,-88.7,348.2
730,ZKY_9A04,330,-88.9,354.5
730,ZKY_9A04,360,-88.6,345.8